user_id,platform,timestamp,message,slang_term,meaning,label
user_186,WhatsApp,25:30.1,anyone selling eight ball?,eight ball,3.5 grams cocaine,Suspicious
user_171,Discord,46:12.8,anyone selling pcp?,pcp,hallucinogen,Suspicious
user_98,Discord,07:32.7,who watched the new episode yesterday,,,Safe
user_40,Discord,16:46.1,"looking for sweet lucy, hit me up",sweet lucy,LSD,Suspicious
user_165,Reddit,28:30.1,yo anyone up for gaming tonight?,,,Safe
user_65,Discord,54:39.9,"stay away from sweet lucy, dangerous stuff",sweet lucy,LSD,Suspicious
user_154,Telegram,19:55.4,got a nuggets ready for the party,nuggets,marijuana,Suspicious
user_196,Telegram,12:32.0,"stay away from ounce, dangerous stuff",ounce,28.3 grams,Suspicious
user_96,Reddit,25:55.8,"yo I got some roofies, dm me",roofies,rohypnol,Suspicious
user_130,Reddit,13:13.9,yo anyone up for gaming tonight?,,,Safe
user_183,Telegram,36:44.2,"stay away from roofies, dangerous stuff",roofies,rohypnol,Suspicious
user_117,WhatsApp,30:44.3,I heard ounce is around tonight,ounce,28.3 grams,Suspicious
user_14,Discord,38:27.5,can we meet tomorrow at school,,,Safe
user_40,Telegram,40:41.5,"looking for roofies, hit me up",roofies,rohypnol,Suspicious
user_92,Reddit,09:52.7,"yo I got some ounce, dm me",ounce,28.3 grams,Suspicious
user_144,Discord,42:13.3,anyone selling eight ball?,eight ball,3.5 grams cocaine,Suspicious
user_104,WhatsApp,55:25.4,"stay away from ounce, dangerous stuff",ounce,28.3 grams,Suspicious
user_85,Discord,23:44.4,anyone selling roofies?,roofies,rohypnol,Suspicious
user_185,Telegram,15:16.3,I heard ounce is around tonight,ounce,28.3 grams,Suspicious
user_151,Reddit,40:53.9,anyone selling roofies?,roofies,rohypnol,Suspicious
user_73,Discord,02:43.6,anyone selling nuggets?,nuggets,marijuana,Suspicious
user_3,Telegram,48:32.4,anyone selling pcp?,pcp,hallucinogen,Suspicious
user_177,Discord,51:36.1,I heard pcp is around tonight,pcp,hallucinogen,Suspicious
user_168,WhatsApp,58:59.0,trading an special K for cash,special K,ketamine,Suspicious
user_58,WhatsApp,10:29.3,"looking for eight ball, hit me up",eight ball,3.5 grams cocaine,Suspicious
user_73,Reddit,30:00.7,"yo I got some nickel bag, dm me",nickel bag,small amount of marijuana,Suspicious
user_167,Telegram,06:07.1,anyone selling nuggets?,nuggets,marijuana,Suspicious
user_149,Discord,46:32.3,I heard roofies is around tonight,roofies,rohypnol,Suspicious
user_183,Discord,59:09.7,what time is the soccer match,,,Safe
user_99,Discord,00:12.5,got a nuggets ready for the party,nuggets,marijuana,Suspicious
user_198,Discord,50:19.3,who watched the new episode yesterday,,,Safe
user_76,Telegram,51:40.0,can we meet tomorrow at school,,,Safe
user_57,Telegram,13:04.7,"I just bought a new phone, super hyped",,,Safe
user_81,Reddit,09:14.1,"yo I got some sweet lucy, dm me",sweet lucy,LSD,Suspicious
user_65,Telegram,29:49.9,I heard nuggets is around tonight,nuggets,marijuana,Suspicious
user_132,Telegram,38:50.8,"yo I got some fry stick, dm me",fry stick,PCP-laced cigarette,Suspicious
user_102,WhatsApp,20:23.2,can we meet tomorrow at school,,,Safe
user_4,Reddit,29:56.4,I heard special K is around tonight,special K,ketamine,Suspicious
user_50,Reddit,44:13.9,"yo I got some nickel bag, dm me",nickel bag,small amount of marijuana,Suspicious
user_79,WhatsApp,44:50.3,I heard nickel bag is around tonight,nickel bag,small amount of marijuana,Suspicious
user_148,WhatsApp,10:37.2,"yo I got some ounce, dm me",ounce,28.3 grams,Suspicious
user_41,Telegram,08:04.4,can we meet tomorrow at school,,,Safe
user_64,WhatsApp,03:18.6,"yo I got some roofies, dm me",roofies,rohypnol,Suspicious
user_47,Reddit,42:18.5,"yo I got some special K, dm me",special K,ketamine,Suspicious
user_108,Reddit,36:36.2,trading an nuggets for cash,nuggets,marijuana,Suspicious
user_167,WhatsApp,44:07.8,"yo I got some roofies, dm me",roofies,rohypnol,Suspicious
user_67,WhatsApp,15:50.3,trading an pcp for cash,pcp,hallucinogen,Suspicious
user_160,Telegram,28:51.1,who watched the new episode yesterday,,,Safe
user_173,WhatsApp,09:48.1,"looking for special K, hit me up",special K,ketamine,Suspicious
user_189,Discord,57:26.1,who watched the new episode yesterday,,,Safe
user_52,Telegram,33:27.7,"yo I got some ounce, dm me",ounce,28.3 grams,Suspicious
user_193,WhatsApp,52:38.3,anyone selling nickel bag?,nickel bag,small amount of marijuana,Suspicious
user_110,WhatsApp,13:59.1,"stay away from pcp, dangerous stuff",pcp,hallucinogen,Suspicious
user_124,WhatsApp,00:57.8,what time is the soccer match,,,Safe
user_18,Discord,55:44.1,anyone selling ounce?,ounce,28.3 grams,Suspicious
user_179,Reddit,00:57.8,got a ounce ready for the party,ounce,28.3 grams,Suspicious
user_76,Reddit,22:49.7,"stay away from fry stick, dangerous stuff",fry stick,PCP-laced cigarette,Suspicious
user_152,Reddit,38:04.8,trading an ounce for cash,ounce,28.3 grams,Suspicious
user_157,Telegram,17:37.8,anyone selling nuggets?,nuggets,marijuana,Suspicious
user_108,Telegram,37:42.2,what time is the soccer match,,,Safe
user_164,Telegram,41:57.0,anyone selling nickel bag?,nickel bag,small amount of marijuana,Suspicious
user_6,Telegram,58:15.6,got a sweet lucy ready for the party,sweet lucy,LSD,Suspicious
user_147,Discord,35:13.4,"looking for pcp, hit me up",pcp,hallucinogen,Suspicious
user_192,WhatsApp,30:52.5,can we meet tomorrow at school,,,Safe
user_158,Reddit,17:19.7,can we meet tomorrow at school,,,Safe
user_47,Discord,49:09.4,I heard sweet lucy is around tonight,sweet lucy,LSD,Suspicious
user_147,Discord,57:42.2,who watched the new episode yesterday,,,Safe
user_140,WhatsApp,32:43.8,"I just bought a new phone, super hyped",,,Safe
user_42,Discord,40:16.1,"looking for ounce, hit me up",ounce,28.3 grams,Suspicious
user_56,Telegram,15:56.1,got a nickel bag ready for the party,nickel bag,small amount of marijuana,Suspicious
user_13,Reddit,26:20.6,can we meet tomorrow at school,,,Safe
user_102,Reddit,10:37.6,"stay away from sweet lucy, dangerous stuff",sweet lucy,LSD,Suspicious
user_170,Discord,10:58.8,anyone selling ounce?,ounce,28.3 grams,Suspicious
user_84,WhatsApp,19:26.8,got a nuggets ready for the party,nuggets,marijuana,Suspicious
user_61,Telegram,05:01.0,"looking for fry stick, hit me up",fry stick,PCP-laced cigarette,Suspicious
user_29,WhatsApp,52:03.8,what time is the soccer match,,,Safe
user_42,Discord,39:48.0,"looking for pcp, hit me up",pcp,hallucinogen,Suspicious
user_31,Telegram,51:33.0,got a roofies ready for the party,roofies,rohypnol,Suspicious
user_71,Reddit,45:21.4,I heard roofies is around tonight,roofies,rohypnol,Suspicious
user_149,WhatsApp,56:38.6,what time is the soccer match,,,Safe
user_177,Reddit,40:08.3,who watched the new episode yesterday,,,Safe
user_19,Discord,47:01.2,yo anyone up for gaming tonight?,,,Safe
user_84,Discord,23:01.2,"I just bought a new phone, super hyped",,,Safe
user_38,Discord,11:17.6,"yo I got some sweet lucy, dm me",sweet lucy,LSD,Suspicious
user_79,WhatsApp,22:55.7,I heard pcp is around tonight,pcp,hallucinogen,Suspicious
user_28,Discord,40:09.0,"yo I got some pcp, dm me",pcp,hallucinogen,Suspicious
user_103,Reddit,21:27.2,"stay away from sweet lucy, dangerous stuff",sweet lucy,LSD,Suspicious
user_86,Discord,49:21.3,I heard fry stick is around tonight,fry stick,PCP-laced cigarette,Suspicious
user_179,Reddit,40:51.1,"yo I got some pcp, dm me",pcp,hallucinogen,Suspicious
user_144,Telegram,14:49.8,anyone selling sweet lucy?,sweet lucy,LSD,Suspicious
user_128,WhatsApp,34:41.7,got a nickel bag ready for the party,nickel bag,small amount of marijuana,Suspicious
user_146,Telegram,49:19.8,anyone selling special K?,special K,ketamine,Suspicious
user_180,Reddit,07:31.1,yo anyone up for gaming tonight?,,,Safe
user_144,Reddit,54:46.9,anyone selling pcp?,pcp,hallucinogen,Suspicious
user_87,Telegram,54:36.1,yo anyone up for gaming tonight?,,,Safe
user_50,Discord,20:34.9,"looking for eight ball, hit me up",eight ball,3.5 grams cocaine,Suspicious
user_16,Discord,15:06.1,"I just bought a new phone, super hyped",,,Safe
user_72,WhatsApp,21:34.9,"stay away from nickel bag, dangerous stuff",nickel bag,small amount of marijuana,Suspicious
user_169,Discord,46:38.1,"stay away from nickel bag, dangerous stuff",nickel bag,small amount of marijuana,Suspicious
user_179,Telegram,12:35.9,who watched the new episode yesterday,,,Safe
user_9,Discord,11:09.8,got a nickel bag ready for the party,nickel bag,small amount of marijuana,Suspicious
user_119,Discord,37:19.4,can we meet tomorrow at school,,,Safe
user_18,Telegram,51:23.6,yo anyone up for gaming tonight?,,,Safe
user_101,WhatsApp,41:45.2,"looking for sweet lucy, hit me up",sweet lucy,LSD,Suspicious
user_164,Reddit,40:15.3,anyone selling pcp?,pcp,hallucinogen,Suspicious
user_101,Telegram,50:37.1,"looking for eight ball, hit me up",eight ball,3.5 grams cocaine,Suspicious
user_86,Reddit,32:36.9,anyone selling pcp?,pcp,hallucinogen,Suspicious
user_7,Discord,35:39.2,can we meet tomorrow at school,,,Safe
user_191,Reddit,25:57.2,trading an special K for cash,special K,ketamine,Suspicious
user_93,Discord,50:59.6,"stay away from ounce, dangerous stuff",ounce,28.3 grams,Suspicious
user_170,WhatsApp,37:14.9,got a special K ready for the party,special K,ketamine,Suspicious
user_179,Telegram,57:26.3,who watched the new episode yesterday,,,Safe
user_57,Reddit,18:52.5,anyone selling roofies?,roofies,rohypnol,Suspicious
user_107,Telegram,39:58.3,I heard fry stick is around tonight,fry stick,PCP-laced cigarette,Suspicious
user_7,Discord,47:37.1,"stay away from nuggets, dangerous stuff",nuggets,marijuana,Suspicious
user_143,Discord,16:54.8,who watched the new episode yesterday,,,Safe
user_87,Reddit,11:47.2,"stay away from sweet lucy, dangerous stuff",sweet lucy,LSD,Suspicious
user_78,Discord,33:42.6,trading an pcp for cash,pcp,hallucinogen,Suspicious
user_195,Reddit,48:44.7,I heard roofies is around tonight,roofies,rohypnol,Suspicious
user_182,Telegram,31:10.7,got a roofies ready for the party,roofies,rohypnol,Suspicious
user_53,Telegram,48:02.8,got a special K ready for the party,special K,ketamine,Suspicious
user_49,Telegram,41:21.6,"yo I got some pcp, dm me",pcp,hallucinogen,Suspicious
user_154,Telegram,19:14.3,anyone selling sweet lucy?,sweet lucy,LSD,Suspicious
user_150,Reddit,38:58.5,anyone selling eight ball?,eight ball,3.5 grams cocaine,Suspicious
user_169,WhatsApp,05:18.0,"yo I got some nuggets, dm me",nuggets,marijuana,Suspicious
user_66,Reddit,09:30.1,"yo I got some special K, dm me",special K,ketamine,Suspicious
user_76,Discord,55:14.2,who watched the new episode yesterday,,,Safe
user_9,Reddit,40:14.2,got a special K ready for the party,special K,ketamine,Suspicious
user_89,WhatsApp,09:31.0,what time is the soccer match,,,Safe
user_169,Telegram,20:14.0,anyone selling pcp?,pcp,hallucinogen,Suspicious
user_32,Discord,23:19.2,can we meet tomorrow at school,,,Safe
user_85,Discord,58:53.3,who watched the new episode yesterday,,,Safe
user_173,WhatsApp,17:55.4,anyone selling special K?,special K,ketamine,Suspicious
user_125,Reddit,13:06.1,anyone selling roofies?,roofies,rohypnol,Suspicious
user_66,Discord,41:30.1,"yo I got some nickel bag, dm me",nickel bag,small amount of marijuana,Suspicious
user_157,Discord,57:56.7,"stay away from fry stick, dangerous stuff",fry stick,PCP-laced cigarette,Suspicious
user_106,Reddit,09:35.3,who watched the new episode yesterday,,,Safe
user_5,Telegram,42:22.8,anyone selling nuggets?,nuggets,marijuana,Suspicious
user_60,WhatsApp,39:48.6,I heard roofies is around tonight,roofies,rohypnol,Suspicious
user_91,Discord,39:28.9,what time is the soccer match,,,Safe
user_198,WhatsApp,26:09.9,got a special K ready for the party,special K,ketamine,Suspicious
user_32,Telegram,02:20.0,I heard ounce is around tonight,ounce,28.3 grams,Suspicious
user_122,Discord,12:12.8,I heard roofies is around tonight,roofies,rohypnol,Suspicious
user_187,WhatsApp,14:30.4,"yo I got some nuggets, dm me",nuggets,marijuana,Suspicious
user_199,Discord,48:33.4,"I just bought a new phone, super hyped",,,Safe
user_16,Discord,08:36.3,"yo I got some sweet lucy, dm me",sweet lucy,LSD,Suspicious
user_65,Discord,14:12.6,"I just bought a new phone, super hyped",,,Safe
user_5,WhatsApp,08:27.0,"looking for roofies, hit me up",roofies,rohypnol,Suspicious
user_121,Reddit,23:10.1,"yo I got some nuggets, dm me",nuggets,marijuana,Suspicious
user_96,Reddit,26:04.1,got a special K ready for the party,special K,ketamine,Suspicious
user_62,WhatsApp,49:10.2,got a sweet lucy ready for the party,sweet lucy,LSD,Suspicious
user_45,Reddit,44:22.9,"I just bought a new phone, super hyped",,,Safe
user_61,WhatsApp,25:08.9,I heard pcp is around tonight,pcp,hallucinogen,Suspicious
user_175,Reddit,11:13.3,"looking for ounce, hit me up",ounce,28.3 grams,Suspicious
user_18,Discord,56:38.6,"looking for eight ball, hit me up",eight ball,3.5 grams cocaine,Suspicious
user_25,Reddit,58:27.8,"stay away from nickel bag, dangerous stuff",nickel bag,small amount of marijuana,Suspicious
user_195,Telegram,29:39.0,anyone selling special K?,special K,ketamine,Suspicious
user_69,Discord,01:29.6,"looking for ounce, hit me up",ounce,28.3 grams,Suspicious
user_83,WhatsApp,29:57.9,"looking for fry stick, hit me up",fry stick,PCP-laced cigarette,Suspicious
user_109,Discord,07:38.6,can we meet tomorrow at school,,,Safe
user_95,Telegram,25:06.3,"stay away from sweet lucy, dangerous stuff",sweet lucy,LSD,Suspicious
user_191,Discord,42:07.3,can we meet tomorrow at school,,,Safe
user_116,WhatsApp,46:37.0,can we meet tomorrow at school,,,Safe
user_151,Discord,45:05.9,trading an nuggets for cash,nuggets,marijuana,Suspicious
user_193,Discord,00:06.4,what time is the soccer match,,,Safe
user_178,Telegram,33:43.5,"stay away from special K, dangerous stuff",special K,ketamine,Suspicious
user_36,Reddit,56:28.7,trading an ounce for cash,ounce,28.3 grams,Suspicious
user_121,WhatsApp,46:44.8,yo anyone up for gaming tonight?,,,Safe
user_90,Reddit,01:14.7,"yo I got some pcp, dm me",pcp,hallucinogen,Suspicious
user_30,Reddit,36:19.2,"yo I got some pcp, dm me",pcp,hallucinogen,Suspicious
user_84,Reddit,55:01.5,who watched the new episode yesterday,,,Safe
user_141,Discord,38:33.9,I heard roofies is around tonight,roofies,rohypnol,Suspicious
user_60,Discord,19:39.8,I heard pcp is around tonight,pcp,hallucinogen,Suspicious
user_143,WhatsApp,05:58.5,who watched the new episode yesterday,,,Safe
user_87,Reddit,42:46.4,I heard pcp is around tonight,pcp,hallucinogen,Suspicious
user_136,Reddit,45:04.3,"I just bought a new phone, super hyped",,,Safe
user_18,Discord,46:26.3,anyone selling nickel bag?,nickel bag,small amount of marijuana,Suspicious
user_175,Telegram,15:41.3,I heard special K is around tonight,special K,ketamine,Suspicious
user_17,Reddit,30:49.0,"I just bought a new phone, super hyped",,,Safe
user_124,WhatsApp,58:59.6,trading an pcp for cash,pcp,hallucinogen,Suspicious
user_149,Discord,48:52.9,"yo I got some ounce, dm me",ounce,28.3 grams,Suspicious
user_132,WhatsApp,25:36.9,can we meet tomorrow at school,,,Safe
user_167,Reddit,22:07.1,trading an sweet lucy for cash,sweet lucy,LSD,Suspicious
user_151,WhatsApp,33:28.9,anyone selling nickel bag?,nickel bag,small amount of marijuana,Suspicious
user_135,Reddit,33:12.2,got a ounce ready for the party,ounce,28.3 grams,Suspicious
user_135,Reddit,45:17.7,"I just bought a new phone, super hyped",,,Safe
user_23,Discord,41:14.0,"yo I got some nuggets, dm me",nuggets,marijuana,Suspicious
user_136,WhatsApp,28:32.3,got a pcp ready for the party,pcp,hallucinogen,Suspicious
user_198,Telegram,01:04.7,trading an special K for cash,special K,ketamine,Suspicious
user_101,Reddit,03:10.7,got a fry stick ready for the party,fry stick,PCP-laced cigarette,Suspicious
user_98,WhatsApp,03:24.8,got a roofies ready for the party,roofies,rohypnol,Suspicious
user_93,Reddit,22:41.0,trading an nickel bag for cash,nickel bag,small amount of marijuana,Suspicious
user_98,Discord,55:34.1,anyone selling eight ball?,eight ball,3.5 grams cocaine,Suspicious
user_194,Telegram,16:12.2,I heard sweet lucy is around tonight,sweet lucy,LSD,Suspicious
user_141,Discord,46:11.9,"yo I got some fry stick, dm me",fry stick,PCP-laced cigarette,Suspicious
user_72,Discord,14:57.1,who watched the new episode yesterday,,,Safe
user_144,Reddit,04:11.2,trading an sweet lucy for cash,sweet lucy,LSD,Suspicious
user_145,Reddit,04:17.5,I heard eight ball is around tonight,eight ball,3.5 grams cocaine,Suspicious
user_135,WhatsApp,42:09.6,"I just bought a new phone, super hyped",,,Safe
user_133,Telegram,07:41.5,trading an pcp for cash,pcp,hallucinogen,Suspicious
user_162,Reddit,42:00.7,"looking for special K, hit me up",special K,ketamine,Suspicious
user_195,Reddit,20:58.4,"stay away from nickel bag, dangerous stuff",nickel bag,small amount of marijuana,Suspicious
user_26,Telegram,41:38.5,yo anyone up for gaming tonight?,,,Safe
user_73,WhatsApp,16:48.8,anyone selling nuggets?,nuggets,marijuana,Suspicious
user_53,Telegram,42:41.1,got a special K ready for the party,special K,ketamine,Suspicious
user_170,WhatsApp,53:27.6,what time is the soccer match,,,Safe
user_54,Discord,58:03.7,trading an ounce for cash,ounce,28.3 grams,Suspicious
user_14,WhatsApp,18:41.9,who watched the new episode yesterday,,,Safe
user_133,Discord,03:37.8,anyone selling fry stick?,fry stick,PCP-laced cigarette,Suspicious
user_173,Reddit,53:39.2,anyone selling eight ball?,eight ball,3.5 grams cocaine,Suspicious
user_96,Reddit,05:07.0,got a eight ball ready for the party,eight ball,3.5 grams cocaine,Suspicious
user_147,Telegram,20:55.5,"I just bought a new phone, super hyped",,,Safe
user_42,Discord,29:59.5,"stay away from sweet lucy, dangerous stuff",sweet lucy,LSD,Suspicious
user_62,Telegram,49:58.7,I heard sweet lucy is around tonight,sweet lucy,LSD,Suspicious
user_124,Reddit,18:15.7,"I just bought a new phone, super hyped",,,Safe
user_12,WhatsApp,34:38.6,I heard nickel bag is around tonight,nickel bag,small amount of marijuana,Suspicious
user_60,Discord,34:44.3,I heard fry stick is around tonight,fry stick,PCP-laced cigarette,Suspicious
user_104,Reddit,40:17.1,trading an nickel bag for cash,nickel bag,small amount of marijuana,Suspicious
user_96,WhatsApp,23:12.7,anyone selling fry stick?,fry stick,PCP-laced cigarette,Suspicious
user_139,Telegram,35:19.7,"looking for sweet lucy, hit me up",sweet lucy,LSD,Suspicious
user_104,Telegram,26:30.6,"looking for roofies, hit me up",roofies,rohypnol,Suspicious
user_120,Telegram,18:44.1,can we meet tomorrow at school,,,Safe
user_65,Reddit,52:37.0,I heard roofies is around tonight,roofies,rohypnol,Suspicious
user_108,Telegram,58:32.8,anyone selling nuggets?,nuggets,marijuana,Suspicious
user_7,Reddit,50:29.1,"looking for nuggets, hit me up",nuggets,marijuana,Suspicious
user_13,WhatsApp,38:01.7,who watched the new episode yesterday,,,Safe
user_147,Telegram,34:08.1,who watched the new episode yesterday,,,Safe
user_177,Discord,56:51.3,I heard nuggets is around tonight,nuggets,marijuana,Suspicious
user_77,Telegram,18:41.1,"stay away from roofies, dangerous stuff",roofies,rohypnol,Suspicious
user_176,Reddit,01:59.1,"looking for eight ball, hit me up",eight ball,3.5 grams cocaine,Suspicious
user_5,Reddit,10:24.1,I heard sweet lucy is around tonight,sweet lucy,LSD,Suspicious
user_120,WhatsApp,02:52.3,trading an eight ball for cash,eight ball,3.5 grams cocaine,Suspicious
user_11,Telegram,37:49.3,I heard nickel bag is around tonight,nickel bag,small amount of marijuana,Suspicious
user_129,Discord,51:57.5,trading an eight ball for cash,eight ball,3.5 grams cocaine,Suspicious
user_125,Telegram,14:50.2,can we meet tomorrow at school,,,Safe
user_133,Reddit,47:29.9,got a ounce ready for the party,ounce,28.3 grams,Suspicious
user_186,Reddit,16:52.1,"I just bought a new phone, super hyped",,,Safe
user_101,WhatsApp,11:46.5,"stay away from special K, dangerous stuff",special K,ketamine,Suspicious
user_99,WhatsApp,36:19.5,got a special K ready for the party,special K,ketamine,Suspicious
user_112,WhatsApp,04:02.4,"looking for sweet lucy, hit me up",sweet lucy,LSD,Suspicious
user_80,Reddit,27:14.3,"stay away from ounce, dangerous stuff",ounce,28.3 grams,Suspicious
user_85,Reddit,30:34.2,anyone selling roofies?,roofies,rohypnol,Suspicious
user_50,Discord,10:25.2,got a nuggets ready for the party,nuggets,marijuana,Suspicious
user_59,Telegram,46:34.7,I heard fry stick is around tonight,fry stick,PCP-laced cigarette,Suspicious
user_77,Discord,29:50.8,what time is the soccer match,,,Safe
user_197,Discord,06:11.6,"I just bought a new phone, super hyped",,,Safe
user_9,WhatsApp,46:29.8,"yo I got some nuggets, dm me",nuggets,marijuana,Suspicious
user_120,Reddit,31:06.9,"I just bought a new phone, super hyped",,,Safe
user_35,Discord,08:45.2,"looking for nickel bag, hit me up",nickel bag,small amount of marijuana,Suspicious
user_84,WhatsApp,01:14.9,"yo I got some roofies, dm me",roofies,rohypnol,Suspicious
user_69,Reddit,09:49.9,got a sweet lucy ready for the party,sweet lucy,LSD,Suspicious
user_150,Telegram,10:21.1,trading an nuggets for cash,nuggets,marijuana,Suspicious
user_38,Discord,39:58.6,what time is the soccer match,,,Safe
user_98,Reddit,16:25.1,"looking for fry stick, hit me up",fry stick,PCP-laced cigarette,Suspicious
user_15,Reddit,42:05.5,who watched the new episode yesterday,,,Safe
user_142,Reddit,06:40.0,anyone selling roofies?,roofies,rohypnol,Suspicious
user_25,Discord,07:39.9,anyone selling nuggets?,nuggets,marijuana,Suspicious
user_8,Discord,17:34.9,got a pcp ready for the party,pcp,hallucinogen,Suspicious
user_196,WhatsApp,12:34.0,"I just bought a new phone, super hyped",,,Safe
user_160,WhatsApp,15:26.3,anyone selling special K?,special K,ketamine,Suspicious
user_3,Telegram,09:56.8,got a fry stick ready for the party,fry stick,PCP-laced cigarette,Suspicious
user_89,WhatsApp,00:38.8,"stay away from nuggets, dangerous stuff",nuggets,marijuana,Suspicious
user_103,Telegram,28:19.3,got a ounce ready for the party,ounce,28.3 grams,Suspicious
user_28,WhatsApp,20:36.9,"stay away from roofies, dangerous stuff",roofies,rohypnol,Suspicious
user_104,WhatsApp,39:52.1,got a ounce ready for the party,ounce,28.3 grams,Suspicious
user_70,Telegram,33:37.8,"looking for roofies, hit me up",roofies,rohypnol,Suspicious
user_68,Discord,52:30.1,can we meet tomorrow at school,,,Safe
user_85,Reddit,58:16.2,I heard pcp is around tonight,pcp,hallucinogen,Suspicious
user_122,Discord,38:16.8,got a roofies ready for the party,roofies,rohypnol,Suspicious
user_41,Reddit,03:04.2,"looking for sweet lucy, hit me up",sweet lucy,LSD,Suspicious
user_33,Discord,52:15.0,"stay away from nuggets, dangerous stuff",nuggets,marijuana,Suspicious
user_94,WhatsApp,38:53.5,trading an nuggets for cash,nuggets,marijuana,Suspicious
user_107,Discord,57:02.3,can we meet tomorrow at school,,,Safe
user_122,Telegram,11:43.5,trading an eight ball for cash,eight ball,3.5 grams cocaine,Suspicious
user_123,Telegram,07:13.1,yo anyone up for gaming tonight?,,,Safe
user_62,Reddit,49:44.2,"stay away from nickel bag, dangerous stuff",nickel bag,small amount of marijuana,Suspicious
user_44,Discord,54:35.3,"stay away from roofies, dangerous stuff",roofies,rohypnol,Suspicious
user_27,Reddit,37:14.4,anyone selling sweet lucy?,sweet lucy,LSD,Suspicious
user_93,Discord,54:15.5,trading an pcp for cash,pcp,hallucinogen,Suspicious
user_62,Reddit,16:30.5,"I just bought a new phone, super hyped",,,Safe
user_76,Discord,45:50.2,trading an special K for cash,special K,ketamine,Suspicious
user_127,Discord,02:30.7,"stay away from nickel bag, dangerous stuff",nickel bag,small amount of marijuana,Suspicious
user_199,Reddit,47:17.8,can we meet tomorrow at school,,,Safe
user_81,Reddit,21:54.0,got a fry stick ready for the party,fry stick,PCP-laced cigarette,Suspicious
user_118,WhatsApp,38:21.7,"I just bought a new phone, super hyped",,,Safe
user_149,Telegram,47:49.8,who watched the new episode yesterday,,,Safe
user_119,Telegram,19:07.7,"I just bought a new phone, super hyped",,,Safe
user_42,Reddit,29:23.1,"stay away from ounce, dangerous stuff",ounce,28.3 grams,Suspicious
user_187,Telegram,27:21.7,"yo I got some eight ball, dm me",eight ball,3.5 grams cocaine,Suspicious
user_174,Discord,57:54.5,"I just bought a new phone, super hyped",,,Safe
user_130,Telegram,37:58.8,"looking for roofies, hit me up",roofies,rohypnol,Suspicious
user_141,Reddit,57:24.4,I heard special K is around tonight,special K,ketamine,Suspicious
user_164,Telegram,59:24.5,"stay away from sweet lucy, dangerous stuff",sweet lucy,LSD,Suspicious
user_24,Discord,05:53.8,I heard nickel bag is around tonight,nickel bag,small amount of marijuana,Suspicious
user_71,Telegram,52:26.8,anyone selling nuggets?,nuggets,marijuana,Suspicious
user_67,Discord,35:58.9,who watched the new episode yesterday,,,Safe
user_154,Reddit,23:46.0,"I just bought a new phone, super hyped",,,Safe
user_186,WhatsApp,56:17.2,"stay away from fry stick, dangerous stuff",fry stick,PCP-laced cigarette,Suspicious
user_148,Discord,56:42.7,"yo I got some pcp, dm me",pcp,hallucinogen,Suspicious
user_41,Reddit,32:06.8,trading an nickel bag for cash,nickel bag,small amount of marijuana,Suspicious
user_5,WhatsApp,56:39.6,who watched the new episode yesterday,,,Safe
user_158,Telegram,41:11.5,got a fry stick ready for the party,fry stick,PCP-laced cigarette,Suspicious
user_91,Telegram,00:24.5,got a special K ready for the party,special K,ketamine,Suspicious
user_54,Discord,20:42.0,can we meet tomorrow at school,,,Safe
user_137,Telegram,58:07.3,what time is the soccer match,,,Safe
user_74,Telegram,06:05.0,who watched the new episode yesterday,,,Safe
user_13,Reddit,46:26.2,anyone selling roofies?,roofies,rohypnol,Suspicious
user_44,Reddit,59:45.9,"yo I got some ounce, dm me",ounce,28.3 grams,Suspicious
user_161,Telegram,11:32.8,"looking for sweet lucy, hit me up",sweet lucy,LSD,Suspicious
user_103,Telegram,56:08.1,"stay away from special K, dangerous stuff",special K,ketamine,Suspicious
user_174,Reddit,44:59.4,trading an pcp for cash,pcp,hallucinogen,Suspicious
user_133,Telegram,13:18.8,I heard pcp is around tonight,pcp,hallucinogen,Suspicious
user_142,Reddit,12:58.0,anyone selling special K?,special K,ketamine,Suspicious
user_176,Telegram,58:59.0,I heard nickel bag is around tonight,nickel bag,small amount of marijuana,Suspicious
user_105,WhatsApp,31:30.9,"yo I got some fry stick, dm me",fry stick,PCP-laced cigarette,Suspicious
user_13,Telegram,37:09.8,anyone selling nuggets?,nuggets,marijuana,Suspicious
user_23,Discord,48:32.1,can we meet tomorrow at school,,,Safe
user_200,Reddit,49:13.1,I heard sweet lucy is around tonight,sweet lucy,LSD,Suspicious
user_6,Reddit,03:56.6,"looking for roofies, hit me up",roofies,rohypnol,Suspicious
user_168,Telegram,16:39.3,"I just bought a new phone, super hyped",,,Safe
user_197,Reddit,57:21.0,who watched the new episode yesterday,,,Safe
user_12,Telegram,54:23.0,I heard eight ball is around tonight,eight ball,3.5 grams cocaine,Suspicious
user_58,Telegram,58:08.1,"stay away from nickel bag, dangerous stuff",nickel bag,small amount of marijuana,Suspicious
user_92,Telegram,46:48.3,anyone selling nuggets?,nuggets,marijuana,Suspicious
user_54,Reddit,20:33.2,can we meet tomorrow at school,,,Safe
user_113,Telegram,02:02.5,trading an roofies for cash,roofies,rohypnol,Suspicious
user_128,Reddit,50:30.3,got a nuggets ready for the party,nuggets,marijuana,Suspicious
user_91,Telegram,58:44.6,"looking for eight ball, hit me up",eight ball,3.5 grams cocaine,Suspicious
user_164,WhatsApp,59:15.8,got a pcp ready for the party,pcp,hallucinogen,Suspicious
user_168,Reddit,49:36.7,"I just bought a new phone, super hyped",,,Safe
user_101,Telegram,28:01.3,"yo I got some fry stick, dm me",fry stick,PCP-laced cigarette,Suspicious
user_56,Reddit,22:04.4,"looking for pcp, hit me up",pcp,hallucinogen,Suspicious
user_187,Reddit,13:03.8,anyone selling sweet lucy?,sweet lucy,LSD,Suspicious
user_39,WhatsApp,02:05.9,"stay away from nuggets, dangerous stuff",nuggets,marijuana,Suspicious
user_3,Telegram,40:02.4,anyone selling pcp?,pcp,hallucinogen,Suspicious
user_111,Reddit,02:35.1,I heard nuggets is around tonight,nuggets,marijuana,Suspicious
user_157,WhatsApp,51:20.9,"looking for sweet lucy, hit me up",sweet lucy,LSD,Suspicious
user_140,Telegram,19:47.1,"looking for special K, hit me up",special K,ketamine,Suspicious
user_184,WhatsApp,37:46.9,"yo I got some sweet lucy, dm me",sweet lucy,LSD,Suspicious
user_121,Reddit,58:04.1,anyone selling nickel bag?,nickel bag,small amount of marijuana,Suspicious
user_49,Discord,38:32.6,"yo I got some pcp, dm me",pcp,hallucinogen,Suspicious
user_183,Telegram,03:59.0,what time is the soccer match,,,Safe
user_106,Reddit,59:01.4,anyone selling fry stick?,fry stick,PCP-laced cigarette,Suspicious
user_141,Telegram,08:33.4,I heard special K is around tonight,special K,ketamine,Suspicious
user_117,WhatsApp,20:40.8,yo anyone up for gaming tonight?,,,Safe
user_128,WhatsApp,08:03.7,what time is the soccer match,,,Safe
user_37,Reddit,08:27.5,trading an fry stick for cash,fry stick,PCP-laced cigarette,Suspicious
user_35,Reddit,37:06.0,"looking for nickel bag, hit me up",nickel bag,small amount of marijuana,Suspicious
user_71,WhatsApp,14:02.3,"stay away from sweet lucy, dangerous stuff",sweet lucy,LSD,Suspicious
user_171,WhatsApp,46:33.7,anyone selling ounce?,ounce,28.3 grams,Suspicious
user_66,Discord,21:45.8,trading an ounce for cash,ounce,28.3 grams,Suspicious
user_16,Discord,00:32.6,got a eight ball ready for the party,eight ball,3.5 grams cocaine,Suspicious
user_40,Discord,17:31.3,"looking for eight ball, hit me up",eight ball,3.5 grams cocaine,Suspicious
user_53,Telegram,42:28.5,who watched the new episode yesterday,,,Safe
user_120,Discord,30:57.1,I heard sweet lucy is around tonight,sweet lucy,LSD,Suspicious
user_64,Reddit,04:18.1,anyone selling nuggets?,nuggets,marijuana,Suspicious
user_88,Discord,52:17.8,got a special K ready for the party,special K,ketamine,Suspicious
user_83,Reddit,34:12.2,trading an eight ball for cash,eight ball,3.5 grams cocaine,Suspicious
user_176,Discord,35:04.8,got a nickel bag ready for the party,nickel bag,small amount of marijuana,Suspicious
user_49,Discord,41:48.5,"looking for fry stick, hit me up",fry stick,PCP-laced cigarette,Suspicious
user_144,Telegram,02:10.3,got a nickel bag ready for the party,nickel bag,small amount of marijuana,Suspicious
user_52,Telegram,06:49.3,"looking for eight ball, hit me up",eight ball,3.5 grams cocaine,Suspicious
user_166,Reddit,33:13.9,"looking for ounce, hit me up",ounce,28.3 grams,Suspicious
user_45,Reddit,41:44.4,what time is the soccer match,,,Safe
user_121,Telegram,42:48.3,"stay away from roofies, dangerous stuff",roofies,rohypnol,Suspicious
user_16,WhatsApp,53:56.6,"stay away from ounce, dangerous stuff",ounce,28.3 grams,Suspicious
user_6,Discord,19:39.1,"looking for roofies, hit me up",roofies,rohypnol,Suspicious
user_112,Reddit,44:21.2,can we meet tomorrow at school,,,Safe
user_72,Reddit,05:19.6,who watched the new episode yesterday,,,Safe
user_66,WhatsApp,10:48.6,"I just bought a new phone, super hyped",,,Safe
user_130,Telegram,39:53.7,I heard nuggets is around tonight,nuggets,marijuana,Suspicious
user_181,WhatsApp,27:54.3,"stay away from pcp, dangerous stuff",pcp,hallucinogen,Suspicious
user_87,Reddit,24:15.6,who watched the new episode yesterday,,,Safe
user_142,Reddit,02:53.2,can we meet tomorrow at school,,,Safe
user_9,WhatsApp,23:58.4,"stay away from nickel bag, dangerous stuff",nickel bag,small amount of marijuana,Suspicious
user_4,Telegram,02:50.6,anyone selling roofies?,roofies,rohypnol,Suspicious
user_59,Reddit,15:30.4,"stay away from fry stick, dangerous stuff",fry stick,PCP-laced cigarette,Suspicious
user_139,Reddit,23:27.3,"stay away from nickel bag, dangerous stuff",nickel bag,small amount of marijuana,Suspicious
user_48,Reddit,29:19.7,can we meet tomorrow at school,,,Safe
user_160,Discord,37:45.3,trading an nickel bag for cash,nickel bag,small amount of marijuana,Suspicious
user_53,Reddit,42:43.4,trading an eight ball for cash,eight ball,3.5 grams cocaine,Suspicious
user_82,WhatsApp,19:37.7,I heard roofies is around tonight,roofies,rohypnol,Suspicious
user_74,Reddit,16:42.1,"looking for nuggets, hit me up",nuggets,marijuana,Suspicious
user_154,WhatsApp,42:19.9,"looking for nickel bag, hit me up",nickel bag,small amount of marijuana,Suspicious
user_38,Telegram,31:35.6,anyone selling pcp?,pcp,hallucinogen,Suspicious
user_182,Telegram,49:29.6,"stay away from roofies, dangerous stuff",roofies,rohypnol,Suspicious
user_140,Reddit,06:12.7,I heard special K is around tonight,special K,ketamine,Suspicious
user_165,WhatsApp,00:03.9,"looking for roofies, hit me up",roofies,rohypnol,Suspicious
user_100,Telegram,25:20.7,who watched the new episode yesterday,,,Safe
user_93,WhatsApp,35:57.3,"yo I got some nuggets, dm me",nuggets,marijuana,Suspicious
user_52,WhatsApp,29:06.4,anyone selling roofies?,roofies,rohypnol,Suspicious
user_156,Telegram,31:15.9,anyone selling roofies?,roofies,rohypnol,Suspicious
user_118,WhatsApp,28:57.6,trading an sweet lucy for cash,sweet lucy,LSD,Suspicious
user_72,WhatsApp,18:41.8,I heard sweet lucy is around tonight,sweet lucy,LSD,Suspicious
user_194,Reddit,45:39.6,can we meet tomorrow at school,,,Safe
user_113,Discord,22:29.8,"yo I got some pcp, dm me",pcp,hallucinogen,Suspicious
user_20,Telegram,29:01.2,"yo I got some nickel bag, dm me",nickel bag,small amount of marijuana,Suspicious
user_161,Reddit,52:21.7,got a ounce ready for the party,ounce,28.3 grams,Suspicious
user_44,WhatsApp,20:24.8,I heard fry stick is around tonight,fry stick,PCP-laced cigarette,Suspicious
user_26,Reddit,29:21.7,I heard nuggets is around tonight,nuggets,marijuana,Suspicious
user_38,Reddit,44:06.7,"yo I got some ounce, dm me",ounce,28.3 grams,Suspicious
user_69,Telegram,52:03.0,I heard nickel bag is around tonight,nickel bag,small amount of marijuana,Suspicious
user_181,Reddit,30:49.0,trading an sweet lucy for cash,sweet lucy,LSD,Suspicious
user_96,WhatsApp,10:34.8,trading an fry stick for cash,fry stick,PCP-laced cigarette,Suspicious
user_166,WhatsApp,31:19.1,"stay away from fry stick, dangerous stuff",fry stick,PCP-laced cigarette,Suspicious
user_42,Reddit,27:57.2,"stay away from roofies, dangerous stuff",roofies,rohypnol,Suspicious
user_46,Telegram,41:29.6,trading an special K for cash,special K,ketamine,Suspicious
user_75,Discord,45:36.0,"I just bought a new phone, super hyped",,,Safe
user_160,WhatsApp,56:18.9,"looking for sweet lucy, hit me up",sweet lucy,LSD,Suspicious
user_70,WhatsApp,00:50.8,got a nuggets ready for the party,nuggets,marijuana,Suspicious
user_107,Reddit,13:49.8,anyone selling pcp?,pcp,hallucinogen,Suspicious
user_183,Reddit,46:59.5,yo anyone up for gaming tonight?,,,Safe
user_121,WhatsApp,36:11.3,"looking for ounce, hit me up",ounce,28.3 grams,Suspicious
user_134,Discord,33:15.6,got a roofies ready for the party,roofies,rohypnol,Suspicious
user_24,WhatsApp,30:23.9,"looking for nickel bag, hit me up",nickel bag,small amount of marijuana,Suspicious
user_109,Telegram,23:41.9,"yo I got some fry stick, dm me",fry stick,PCP-laced cigarette,Suspicious
user_133,Reddit,03:17.1,"yo I got some sweet lucy, dm me",sweet lucy,LSD,Suspicious
user_30,WhatsApp,05:10.3,I heard roofies is around tonight,roofies,rohypnol,Suspicious
user_3,Discord,09:46.2,"looking for ounce, hit me up",ounce,28.3 grams,Suspicious
user_29,WhatsApp,06:58.8,I heard eight ball is around tonight,eight ball,3.5 grams cocaine,Suspicious
user_133,WhatsApp,46:31.8,got a nuggets ready for the party,nuggets,marijuana,Suspicious
user_45,Reddit,07:11.1,I heard pcp is around tonight,pcp,hallucinogen,Suspicious
user_94,WhatsApp,52:10.7,can we meet tomorrow at school,,,Safe
user_158,Telegram,46:15.5,I heard sweet lucy is around tonight,sweet lucy,LSD,Suspicious
user_136,WhatsApp,29:42.2,I heard roofies is around tonight,roofies,rohypnol,Suspicious
user_166,Telegram,39:25.2,anyone selling eight ball?,eight ball,3.5 grams cocaine,Suspicious
user_126,Discord,06:31.0,got a nuggets ready for the party,nuggets,marijuana,Suspicious
user_135,Telegram,23:43.9,"looking for nuggets, hit me up",nuggets,marijuana,Suspicious
user_82,Telegram,27:01.1,trading an eight ball for cash,eight ball,3.5 grams cocaine,Suspicious
user_126,Discord,07:42.9,trading an nuggets for cash,nuggets,marijuana,Suspicious
user_111,Reddit,13:19.1,"stay away from ounce, dangerous stuff",ounce,28.3 grams,Suspicious
user_197,Telegram,03:22.5,"I just bought a new phone, super hyped",,,Safe
user_35,Telegram,45:05.4,yo anyone up for gaming tonight?,,,Safe
user_40,Telegram,42:54.8,what time is the soccer match,,,Safe
user_167,WhatsApp,09:13.6,"looking for fry stick, hit me up",fry stick,PCP-laced cigarette,Suspicious
user_94,Discord,15:19.0,"yo I got some sweet lucy, dm me",sweet lucy,LSD,Suspicious
user_160,Telegram,28:42.0,"yo I got some nuggets, dm me",nuggets,marijuana,Suspicious
user_170,Discord,56:19.9,"stay away from fry stick, dangerous stuff",fry stick,PCP-laced cigarette,Suspicious
user_53,WhatsApp,55:18.7,I heard nickel bag is around tonight,nickel bag,small amount of marijuana,Suspicious
user_26,Telegram,11:41.0,anyone selling fry stick?,fry stick,PCP-laced cigarette,Suspicious
user_10,Reddit,29:45.9,"I just bought a new phone, super hyped",,,Safe
user_161,Reddit,18:15.0,"yo I got some fry stick, dm me",fry stick,PCP-laced cigarette,Suspicious
user_114,WhatsApp,10:41.7,yo anyone up for gaming tonight?,,,Safe
user_81,WhatsApp,41:52.7,trading an special K for cash,special K,ketamine,Suspicious
user_169,Telegram,26:29.2,"I just bought a new phone, super hyped",,,Safe
user_62,Reddit,57:01.1,can we meet tomorrow at school,,,Safe
user_112,Telegram,06:08.2,yo anyone up for gaming tonight?,,,Safe
user_79,Telegram,32:28.2,can we meet tomorrow at school,,,Safe
user_16,Discord,20:25.8,"stay away from nickel bag, dangerous stuff",nickel bag,small amount of marijuana,Suspicious
user_195,Discord,32:00.3,trading an sweet lucy for cash,sweet lucy,LSD,Suspicious
user_179,Discord,16:23.7,"stay away from nickel bag, dangerous stuff",nickel bag,small amount of marijuana,Suspicious
user_75,Reddit,01:50.8,"yo I got some nuggets, dm me",nuggets,marijuana,Suspicious
user_113,WhatsApp,37:10.5,who watched the new episode yesterday,,,Safe
user_68,Reddit,59:07.8,trading an ounce for cash,ounce,28.3 grams,Suspicious
user_17,Discord,43:44.6,what time is the soccer match,,,Safe
user_79,Telegram,56:30.9,I heard sweet lucy is around tonight,sweet lucy,LSD,Suspicious
user_198,WhatsApp,38:11.8,got a nuggets ready for the party,nuggets,marijuana,Suspicious
user_9,Discord,41:27.8,what time is the soccer match,,,Safe
user_34,Reddit,11:12.5,I heard nuggets is around tonight,nuggets,marijuana,Suspicious
user_189,WhatsApp,34:36.5,"stay away from ounce, dangerous stuff",ounce,28.3 grams,Suspicious
user_176,Discord,21:53.9,trading an fry stick for cash,fry stick,PCP-laced cigarette,Suspicious
user_110,Discord,51:51.1,"yo I got some fry stick, dm me",fry stick,PCP-laced cigarette,Suspicious
user_18,Telegram,51:24.6,anyone selling roofies?,roofies,rohypnol,Suspicious
user_187,Telegram,52:07.1,I heard nickel bag is around tonight,nickel bag,small amount of marijuana,Suspicious
user_75,Reddit,53:55.7,can we meet tomorrow at school,,,Safe
user_37,Discord,20:21.9,"looking for special K, hit me up",special K,ketamine,Suspicious
user_188,Telegram,44:19.2,"yo I got some eight ball, dm me",eight ball,3.5 grams cocaine,Suspicious
user_195,Reddit,59:56.3,anyone selling special K?,special K,ketamine,Suspicious
user_32,Discord,57:42.3,yo anyone up for gaming tonight?,,,Safe
user_15,Reddit,15:45.6,trading an roofies for cash,roofies,rohypnol,Suspicious
user_177,Telegram,39:16.0,"I just bought a new phone, super hyped",,,Safe
user_80,Telegram,34:17.8,"I just bought a new phone, super hyped",,,Safe
user_67,Reddit,44:25.1,"looking for special K, hit me up",special K,ketamine,Suspicious
user_193,Telegram,35:02.1,"I just bought a new phone, super hyped",,,Safe
user_63,Telegram,53:48.2,what time is the soccer match,,,Safe
user_179,Reddit,10:18.9,can we meet tomorrow at school,,,Safe
user_73,Telegram,15:53.0,anyone selling ounce?,ounce,28.3 grams,Suspicious
user_49,WhatsApp,59:06.3,"looking for eight ball, hit me up",eight ball,3.5 grams cocaine,Suspicious
user_128,WhatsApp,39:39.7,who watched the new episode yesterday,,,Safe
user_68,Telegram,02:11.1,trading an nuggets for cash,nuggets,marijuana,Suspicious
user_6,Reddit,14:07.4,trading an special K for cash,special K,ketamine,Suspicious
user_13,Reddit,09:03.2,what time is the soccer match,,,Safe
user_98,Reddit,12:26.2,yo anyone up for gaming tonight?,,,Safe
user_161,Telegram,51:19.1,who watched the new episode yesterday,,,Safe
user_66,Discord,18:58.7,"I just bought a new phone, super hyped",,,Safe
user_126,Telegram,03:20.1,can we meet tomorrow at school,,,Safe
user_3,Reddit,50:12.0,trading an pcp for cash,pcp,hallucinogen,Suspicious
user_24,WhatsApp,49:08.6,"looking for pcp, hit me up",pcp,hallucinogen,Suspicious
user_72,Reddit,39:07.3,"looking for sweet lucy, hit me up",sweet lucy,LSD,Suspicious
user_179,Reddit,19:11.2,I heard nuggets is around tonight,nuggets,marijuana,Suspicious
user_193,Discord,12:27.0,trading an special K for cash,special K,ketamine,Suspicious
user_67,WhatsApp,45:17.3,got a pcp ready for the party,pcp,hallucinogen,Suspicious
user_46,Telegram,55:33.1,anyone selling roofies?,roofies,rohypnol,Suspicious
user_165,Telegram,57:56.0,anyone selling pcp?,pcp,hallucinogen,Suspicious
user_6,WhatsApp,56:59.2,anyone selling ounce?,ounce,28.3 grams,Suspicious
user_119,WhatsApp,31:30.2,anyone selling roofies?,roofies,rohypnol,Suspicious
user_175,Discord,14:50.5,got a roofies ready for the party,roofies,rohypnol,Suspicious
user_141,WhatsApp,02:13.7,trading an fry stick for cash,fry stick,PCP-laced cigarette,Suspicious
user_31,Telegram,25:05.6,I heard sweet lucy is around tonight,sweet lucy,LSD,Suspicious
user_139,WhatsApp,03:54.6,"stay away from eight ball, dangerous stuff",eight ball,3.5 grams cocaine,Suspicious
