user_id,platform,timestamp,message,emoji,meaning,label
user_65,Telegram,2023-06-30 03:09:59.130165,"yo got some ğŸ’‰, dm fast",ğŸ’‰,injectables,Suspicious
user_112,Discord,2023-04-07 15:06:23.014710,sending ğŸ’‰ if youâ€™re in,ğŸ’‰,injectables,Suspicious
user_4,Discord,2023-01-15 16:48:02.442083,"yo got some ğŸ, dm fast",ğŸ,marijuana,Suspicious
user_195,Reddit,2023-05-25 01:49:57.793753,sending ğŸ”¥ if youâ€™re in,ğŸ”¥,crack,Suspicious
user_136,Discord,2023-07-02 20:52:31.206481,"yo got some ğŸ”¥, dm fast",ğŸ”¥,crack,Suspicious
user_89,Telegram,2023-05-25 05:29:09.837415,"bringing ğŸ tonight, letâ€™s go",ğŸ,marijuana,Suspicious
user_92,Reddit,2023-07-17 02:57:35.313609,Iâ€™m traveling tomorrow,,,Safe
user_125,WhatsApp,2023-04-29 07:59:09.965726,party not fun without ğŸ’¨,ğŸ’¨,weed smoking,Suspicious
user_120,Reddit,2023-08-09 15:52:50.174234,letâ€™s play chess online,,,Safe
user_34,Discord,2023-01-30 01:29:37.096637,"careful with â„ï¸, risky stuff",â„ï¸,cocaine,Suspicious
user_117,Discord,2023-05-09 09:22:40.394050,any ğŸ’‰ sellers here?,ğŸ’‰,injectables,Suspicious
user_55,Telegram,2023-06-12 21:36:40.251315,"careful with ğŸ„, risky stuff",ğŸ„,mushrooms,Suspicious
user_67,Discord,2023-11-24 17:56:20.450145,"careful with ğŸ”®, risky stuff",ğŸ”®,LSD,Suspicious
user_82,Reddit,2023-04-18 10:14:20.734481,"bringing ğŸ”® tonight, letâ€™s go",ğŸ”®,LSD,Suspicious
user_136,Reddit,2023-01-16 19:03:34.479247,sending ğŸ„ if youâ€™re in,ğŸ„,mushrooms,Suspicious
user_149,Telegram,2023-04-30 07:16:03.002792,just watching a movie rn,,,Safe
user_3,Telegram,2023-03-04 18:53:15.990498,weather is crazy today,,,Safe
user_200,WhatsApp,2023-03-17 12:48:07.848386,sending ğŸ„ if youâ€™re in,ğŸ„,mushrooms,Suspicious
user_56,WhatsApp,2023-12-11 04:39:40.294032,party not fun without ğŸ„,ğŸ„,mushrooms,Suspicious
user_33,Discord,2023-10-17 23:47:55.142680,sending ğŸ if youâ€™re in,ğŸ,marijuana,Suspicious
user_195,Discord,2023-10-09 15:32:45.726709,"yo got some ğŸ”®, dm fast",ğŸ”®,LSD,Suspicious
user_127,Discord,2023-01-02 17:36:04.107854,"bringing ğŸ”® tonight, letâ€™s go",ğŸ”®,LSD,Suspicious
user_103,WhatsApp,2023-03-05 16:41:27.386945,Iâ€™m traveling tomorrow,,,Safe
user_49,Reddit,2023-11-16 13:12:37.576405,"yo got some ğŸ’¨, dm fast",ğŸ’¨,weed smoking,Suspicious
user_102,Discord,2023-11-17 23:32:47.014086,"bringing ğŸ’¨ tonight, letâ€™s go",ğŸ’¨,weed smoking,Suspicious
user_1,WhatsApp,2023-01-11 06:04:30.847660,just watching a movie rn,,,Safe
user_109,Reddit,2023-06-15 03:28:57.129151,party not fun without ğŸ’Š,ğŸ’Š,pills,Suspicious
user_13,Telegram,2023-01-21 00:56:13.309397,Iâ€™m traveling tomorrow,,,Safe
user_82,WhatsApp,2023-06-11 20:24:28.559817,any ğŸ”¥ sellers here?,ğŸ”¥,crack,Suspicious
user_18,WhatsApp,2023-01-03 02:27:23.305813,Iâ€™m traveling tomorrow,,,Safe
user_137,Telegram,2023-09-30 12:30:49.527796,party not fun without ğŸ¥‚,ğŸ¥‚,party drugs,Suspicious
user_155,Telegram,2023-10-22 18:10:38.833710,"bringing ğŸ’¨ tonight, letâ€™s go",ğŸ’¨,weed smoking,Suspicious
user_57,Reddit,2023-07-11 05:34:13.594757,Iâ€™m traveling tomorrow,,,Safe
user_157,Discord,2023-01-21 00:38:44.004124,any ğŸ”¥ sellers here?,ğŸ”¥,crack,Suspicious
user_166,Discord,2023-08-29 05:40:15.562879,can you send me the homework,,,Safe
user_51,WhatsApp,2023-01-29 18:26:32.866343,any ğŸ’¨ sellers here?,ğŸ’¨,weed smoking,Suspicious
user_152,Discord,2023-05-25 14:31:44.322882,weather is crazy today,,,Safe
user_171,WhatsApp,2023-12-07 22:10:18.031641,"careful with ğŸ¥‚, risky stuff",ğŸ¥‚,party drugs,Suspicious
user_33,WhatsApp,2023-07-19 11:07:46.144413,any ğŸ’Š sellers here?,ğŸ’Š,pills,Suspicious
user_11,WhatsApp,2023-07-17 17:52:44.700909,any ğŸ”¥ sellers here?,ğŸ”¥,crack,Suspicious
user_185,Reddit,2023-06-13 15:04:12.008628,"careful with ğŸ’‰, risky stuff",ğŸ’‰,injectables,Suspicious
user_77,Telegram,2023-04-27 13:48:19.855336,can you send me the homework,,,Safe
user_110,WhatsApp,2023-06-27 22:02:35.693453,just watching a movie rn,,,Safe
user_24,Discord,2023-02-24 12:42:35.131731,"yo got some ğŸ’¨, dm fast",ğŸ’¨,weed smoking,Suspicious
user_108,Discord,2023-02-02 18:14:09.138724,letâ€™s play chess online,,,Safe
user_21,Discord,2023-10-21 14:02:35.217103,letâ€™s play chess online,,,Safe
user_46,Reddit,2023-01-04 00:38:51.100237,weather is crazy today,,,Safe
user_102,Discord,2023-02-22 05:02:19.267602,any â„ï¸ sellers here?,â„ï¸,cocaine,Suspicious
user_200,Reddit,2023-09-17 09:36:01.253580,"bringing ğŸ’Š tonight, letâ€™s go",ğŸ’Š,pills,Suspicious
user_133,Discord,2023-06-26 17:35:30.284746,"yo got some ğŸ, dm fast",ğŸ,marijuana,Suspicious
user_134,WhatsApp,2023-01-27 19:31:05.504380,"bringing ğŸ„ tonight, letâ€™s go",ğŸ„,mushrooms,Suspicious
user_91,Reddit,2023-05-06 05:10:49.633829,"bringing ğŸ¥‚ tonight, letâ€™s go",ğŸ¥‚,party drugs,Suspicious
user_17,Discord,2023-04-10 01:05:34.342731,"yo got some ğŸ¥‚, dm fast",ğŸ¥‚,party drugs,Suspicious
user_78,WhatsApp,2023-05-27 16:45:03.734180,Iâ€™m traveling tomorrow,,,Safe
user_131,Discord,2023-02-13 11:03:40.403036,"yo got some ğŸ’‰, dm fast",ğŸ’‰,injectables,Suspicious
user_29,Reddit,2023-05-24 16:54:49.587771,party not fun without ğŸ,ğŸ,marijuana,Suspicious
user_16,WhatsApp,2023-11-27 20:35:52.473055,just watching a movie rn,,,Safe
user_36,Discord,2023-11-19 19:00:11.666165,can you send me the homework,,,Safe
user_101,Telegram,2023-08-08 17:43:47.007661,letâ€™s play chess online,,,Safe
user_84,Telegram,2023-07-26 10:11:21.951496,"bringing ğŸ’‰ tonight, letâ€™s go",ğŸ’‰,injectables,Suspicious
user_12,WhatsApp,2023-01-03 23:18:40.845814,any ğŸ’‰ sellers here?,ğŸ’‰,injectables,Suspicious
user_150,Discord,2023-02-21 13:03:15.664182,"yo got some ğŸ’‰, dm fast",ğŸ’‰,injectables,Suspicious
user_147,Discord,2023-08-13 04:34:28.020032,Iâ€™m traveling tomorrow,,,Safe
user_60,WhatsApp,2023-09-18 07:50:55.482318,any â„ï¸ sellers here?,â„ï¸,cocaine,Suspicious
user_108,Discord,2023-10-29 13:20:24.920553,party not fun without ğŸ’¨,ğŸ’¨,weed smoking,Suspicious
user_172,Reddit,2023-07-08 17:24:40.228816,"yo got some ğŸ¥‚, dm fast",ğŸ¥‚,party drugs,Suspicious
user_14,WhatsApp,2023-07-23 06:41:17.006446,"bringing ğŸ”® tonight, letâ€™s go",ğŸ”®,LSD,Suspicious
user_53,Reddit,2023-01-17 18:02:37.021636,Iâ€™m traveling tomorrow,,,Safe
user_83,Telegram,2023-10-28 14:28:32.402205,sending ğŸ’¨ if youâ€™re in,ğŸ’¨,weed smoking,Suspicious
user_99,Discord,2023-05-25 19:55:07.557297,just watching a movie rn,,,Safe
user_116,Reddit,2023-12-08 19:13:19.622533,any â„ï¸ sellers here?,â„ï¸,cocaine,Suspicious
user_195,Telegram,2023-10-09 04:15:31.118122,sending ğŸ’Š if youâ€™re in,ğŸ’Š,pills,Suspicious
user_113,Reddit,2023-05-07 19:48:02.891968,Iâ€™m traveling tomorrow,,,Safe
user_67,Discord,2023-02-13 11:05:10.647753,sending ğŸ¥‚ if youâ€™re in,ğŸ¥‚,party drugs,Suspicious
user_165,WhatsApp,2023-05-27 08:25:33.648827,sending ğŸ’¨ if youâ€™re in,ğŸ’¨,weed smoking,Suspicious
user_190,Telegram,2023-03-29 16:19:12.791835,sending ğŸ”® if youâ€™re in,ğŸ”®,LSD,Suspicious
user_54,Reddit,2023-09-18 00:48:32.986851,any ğŸ’Š sellers here?,ğŸ’Š,pills,Suspicious
user_34,Discord,2023-03-22 16:53:56.307343,"careful with ğŸ¥‚, risky stuff",ğŸ¥‚,party drugs,Suspicious
user_50,Reddit,2023-09-16 22:37:16.198513,"careful with ğŸ”¥, risky stuff",ğŸ”¥,crack,Suspicious
user_100,WhatsApp,2023-01-15 12:10:54.431621,"careful with ğŸ¥‚, risky stuff",ğŸ¥‚,party drugs,Suspicious
user_35,Telegram,2023-08-15 07:54:41.324338,"bringing ğŸ’¨ tonight, letâ€™s go",ğŸ’¨,weed smoking,Suspicious
user_60,Discord,2023-10-27 06:47:06.962670,sending ğŸ”® if youâ€™re in,ğŸ”®,LSD,Suspicious
user_148,Reddit,2023-08-14 21:09:34.058343,"yo got some ğŸ’¨, dm fast",ğŸ’¨,weed smoking,Suspicious
user_47,WhatsApp,2023-06-17 19:49:43.580500,party not fun without ğŸ„,ğŸ„,mushrooms,Suspicious
user_11,WhatsApp,2023-11-15 13:16:15.274846,"bringing ğŸ¥‚ tonight, letâ€™s go",ğŸ¥‚,party drugs,Suspicious
user_194,Reddit,2023-06-18 21:43:25.892929,party not fun without ğŸ„,ğŸ„,mushrooms,Suspicious
user_45,Telegram,2023-07-23 13:47:21.255174,"bringing ğŸ’¨ tonight, letâ€™s go",ğŸ’¨,weed smoking,Suspicious
user_106,WhatsApp,2023-12-02 11:18:51.717778,party not fun without â„ï¸,â„ï¸,cocaine,Suspicious
user_73,Telegram,2023-09-02 05:05:13.062570,"careful with ğŸ¥‚, risky stuff",ğŸ¥‚,party drugs,Suspicious
user_2,Reddit,2023-06-13 12:03:30.810299,"yo got some ğŸ’Š, dm fast",ğŸ’Š,pills,Suspicious
user_143,Discord,2023-11-13 02:24:50.541242,can you send me the homework,,,Safe
user_47,Telegram,2023-01-12 09:32:40.899500,"yo got some ğŸ’Š, dm fast",ğŸ’Š,pills,Suspicious
user_39,WhatsApp,2023-07-16 21:11:42.229372,"careful with â„ï¸, risky stuff",â„ï¸,cocaine,Suspicious
user_11,Discord,2023-02-14 08:02:52.310457,Iâ€™m traveling tomorrow,,,Safe
user_75,WhatsApp,2023-06-30 03:48:09.240664,party not fun without ğŸ’¨,ğŸ’¨,weed smoking,Suspicious
user_33,Discord,2023-10-26 04:35:23.469578,sending â„ï¸ if youâ€™re in,â„ï¸,cocaine,Suspicious
user_162,Discord,2023-02-17 04:33:13.042447,"bringing ğŸ”® tonight, letâ€™s go",ğŸ”®,LSD,Suspicious
user_137,Discord,2023-05-27 01:29:36.668670,any ğŸ’¨ sellers here?,ğŸ’¨,weed smoking,Suspicious
user_104,Discord,2023-08-11 10:00:13.489112,"careful with ğŸ’¨, risky stuff",ğŸ’¨,weed smoking,Suspicious
user_62,WhatsApp,2023-04-21 21:02:59.603810,Iâ€™m traveling tomorrow,,,Safe
user_14,WhatsApp,2023-11-08 23:53:13.483427,any ğŸ¥‚ sellers here?,ğŸ¥‚,party drugs,Suspicious
user_92,Reddit,2023-12-23 08:41:18.243525,"bringing â„ï¸ tonight, letâ€™s go",â„ï¸,cocaine,Suspicious
user_71,Discord,2023-01-10 15:57:25.382597,sending ğŸ’¨ if youâ€™re in,ğŸ’¨,weed smoking,Suspicious
user_149,Discord,2023-05-24 22:50:11.916961,any â„ï¸ sellers here?,â„ï¸,cocaine,Suspicious
user_186,Reddit,2023-10-04 04:37:05.201114,sending ğŸ„ if youâ€™re in,ğŸ„,mushrooms,Suspicious
user_181,Discord,2023-02-18 11:13:11.820157,party not fun without ğŸ”¥,ğŸ”¥,crack,Suspicious
user_58,Reddit,2023-06-28 22:16:31.094401,just watching a movie rn,,,Safe
user_65,WhatsApp,2023-01-15 17:52:09.778629,"yo got some ğŸ”¥, dm fast",ğŸ”¥,crack,Suspicious
user_140,WhatsApp,2023-07-18 23:01:27.503079,any ğŸ”® sellers here?,ğŸ”®,LSD,Suspicious
user_40,Telegram,2023-08-27 00:42:08.217122,"yo got some ğŸ”¥, dm fast",ğŸ”¥,crack,Suspicious
user_26,WhatsApp,2023-04-18 17:43:04.079173,"bringing ğŸ’‰ tonight, letâ€™s go",ğŸ’‰,injectables,Suspicious
user_145,Reddit,2023-09-28 01:47:33.284294,letâ€™s play chess online,,,Safe
user_86,WhatsApp,2023-05-30 03:00:44.803652,any ğŸ„ sellers here?,ğŸ„,mushrooms,Suspicious
user_66,WhatsApp,2023-04-03 15:55:56.363809,just watching a movie rn,,,Safe
user_102,Reddit,2023-06-17 03:24:59.877679,"bringing ğŸ’Š tonight, letâ€™s go",ğŸ’Š,pills,Suspicious
user_145,Reddit,2023-08-28 06:29:20.912878,"bringing ğŸ’‰ tonight, letâ€™s go",ğŸ’‰,injectables,Suspicious
user_52,Reddit,2023-12-21 22:41:54.500698,any ğŸ„ sellers here?,ğŸ„,mushrooms,Suspicious
user_147,WhatsApp,2023-02-28 19:30:37.179684,party not fun without ğŸ’‰,ğŸ’‰,injectables,Suspicious
user_29,Telegram,2023-01-10 16:58:10.142139,just watching a movie rn,,,Safe
user_181,Discord,2023-02-24 16:09:11.157634,can you send me the homework,,,Safe
user_76,Telegram,2023-05-23 07:33:40.395850,Iâ€™m traveling tomorrow,,,Safe
user_44,Reddit,2023-03-22 13:11:38.935511,just watching a movie rn,,,Safe
user_131,Discord,2023-09-28 08:15:14.208073,party not fun without ğŸ’‰,ğŸ’‰,injectables,Suspicious
user_71,Reddit,2023-05-09 13:32:53.876730,letâ€™s play chess online,,,Safe
user_83,Telegram,2023-11-09 05:18:02.848629,party not fun without ğŸ’‰,ğŸ’‰,injectables,Suspicious
user_168,Discord,2023-03-14 09:21:17.722902,any â„ï¸ sellers here?,â„ï¸,cocaine,Suspicious
user_141,WhatsApp,2023-12-26 04:14:08.641677,weather is crazy today,,,Safe
user_153,WhatsApp,2023-04-03 10:00:11.882064,party not fun without ğŸ”¥,ğŸ”¥,crack,Suspicious
user_113,Discord,2023-07-28 20:34:43.499033,just watching a movie rn,,,Safe
user_85,Reddit,2023-08-12 05:00:56.856119,"yo got some ğŸ”®, dm fast",ğŸ”®,LSD,Suspicious
user_94,WhatsApp,2023-05-01 09:54:19.069140,"bringing ğŸ„ tonight, letâ€™s go",ğŸ„,mushrooms,Suspicious
user_128,WhatsApp,2023-12-04 05:49:32.309975,weather is crazy today,,,Safe
user_86,Telegram,2023-12-11 19:44:24.635743,"bringing ğŸ„ tonight, letâ€™s go",ğŸ„,mushrooms,Suspicious
user_109,Discord,2023-07-26 14:07:24.250545,party not fun without ğŸ,ğŸ,marijuana,Suspicious
user_115,Telegram,2023-01-16 04:22:03.693112,can you send me the homework,,,Safe
user_178,Discord,2023-03-22 01:46:12.105030,"yo got some ğŸ’Š, dm fast",ğŸ’Š,pills,Suspicious
user_81,WhatsApp,2023-06-29 01:02:11.184324,sending â„ï¸ if youâ€™re in,â„ï¸,cocaine,Suspicious
user_22,WhatsApp,2023-06-04 01:30:02.989654,can you send me the homework,,,Safe
user_67,Telegram,2023-05-10 13:48:26.052212,party not fun without ğŸ”¥,ğŸ”¥,crack,Suspicious
user_29,Telegram,2023-10-13 15:23:01.349750,party not fun without ğŸ”¥,ğŸ”¥,crack,Suspicious
user_98,Discord,2023-10-01 16:29:48.376853,can you send me the homework,,,Safe
user_132,Reddit,2023-07-21 18:45:39.381706,Iâ€™m traveling tomorrow,,,Safe
user_166,Telegram,2023-06-03 19:50:30.452441,"yo got some ğŸ’Š, dm fast",ğŸ’Š,pills,Suspicious
user_192,Discord,2023-05-02 19:59:02.645240,party not fun without ğŸ”¥,ğŸ”¥,crack,Suspicious
user_145,Discord,2023-10-08 14:56:28.466444,"yo got some ğŸ”®, dm fast",ğŸ”®,LSD,Suspicious
user_96,Telegram,2023-02-28 06:47:00.574658,sending ğŸ’‰ if youâ€™re in,ğŸ’‰,injectables,Suspicious
user_120,Telegram,2023-07-05 19:19:46.680660,Iâ€™m traveling tomorrow,,,Safe
user_99,WhatsApp,2023-09-10 15:58:53.093231,any ğŸ¥‚ sellers here?,ğŸ¥‚,party drugs,Suspicious
user_158,Reddit,2023-11-08 04:34:24.765752,any ğŸ„ sellers here?,ğŸ„,mushrooms,Suspicious
user_143,Reddit,2023-04-25 06:46:49.234503,"bringing ğŸ’Š tonight, letâ€™s go",ğŸ’Š,pills,Suspicious
user_116,Telegram,2023-05-30 17:55:50.990622,"bringing ğŸ’‰ tonight, letâ€™s go",ğŸ’‰,injectables,Suspicious
user_75,WhatsApp,2023-02-12 20:41:04.936369,can you send me the homework,,,Safe
user_154,Discord,2023-12-17 21:57:25.746439,sending ğŸ„ if youâ€™re in,ğŸ„,mushrooms,Suspicious
user_131,Discord,2023-11-26 03:13:02.392792,"bringing ğŸ”¥ tonight, letâ€™s go",ğŸ”¥,crack,Suspicious
user_69,WhatsApp,2023-08-17 00:52:02.680313,"yo got some ğŸ’Š, dm fast",ğŸ’Š,pills,Suspicious
user_7,Telegram,2023-06-19 16:50:12.065728,letâ€™s play chess online,,,Safe
user_192,Discord,2023-09-10 21:51:02.654286,any ğŸ¥‚ sellers here?,ğŸ¥‚,party drugs,Suspicious
user_128,WhatsApp,2023-01-22 23:47:19.467516,"careful with ğŸ¥‚, risky stuff",ğŸ¥‚,party drugs,Suspicious
user_25,Discord,2023-08-07 23:01:58.629362,"bringing â„ï¸ tonight, letâ€™s go",â„ï¸,cocaine,Suspicious
user_171,Discord,2023-10-15 19:06:44.229356,letâ€™s play chess online,,,Safe
user_129,WhatsApp,2023-01-29 22:43:27.797286,Iâ€™m traveling tomorrow,,,Safe
user_147,Telegram,2023-07-10 06:26:37.388357,sending ğŸ¥‚ if youâ€™re in,ğŸ¥‚,party drugs,Suspicious
user_111,Discord,2023-12-09 20:19:06.188746,can you send me the homework,,,Safe
user_42,Discord,2023-05-18 01:11:08.208346,Iâ€™m traveling tomorrow,,,Safe
user_186,Discord,2023-01-10 05:41:44.350510,can you send me the homework,,,Safe
user_178,Telegram,2023-02-15 02:00:28.239149,sending ğŸ¥‚ if youâ€™re in,ğŸ¥‚,party drugs,Suspicious
user_159,Reddit,2023-04-20 04:19:06.382822,weather is crazy today,,,Safe
user_145,Discord,2023-04-30 11:15:03.848798,letâ€™s play chess online,,,Safe
user_56,Telegram,2023-11-11 20:44:36.094577,sending ğŸ’‰ if youâ€™re in,ğŸ’‰,injectables,Suspicious
user_125,Discord,2023-10-07 04:33:13.469091,just watching a movie rn,,,Safe
user_17,Reddit,2023-07-26 20:30:56.878661,"careful with ğŸ„, risky stuff",ğŸ„,mushrooms,Suspicious
user_80,WhatsApp,2023-07-24 12:32:03.090923,sending ğŸ„ if youâ€™re in,ğŸ„,mushrooms,Suspicious
user_52,Discord,2023-04-15 15:51:42.958264,"careful with ğŸ’¨, risky stuff",ğŸ’¨,weed smoking,Suspicious
user_182,Reddit,2023-05-23 05:57:55.904223,weather is crazy today,,,Safe
user_40,Telegram,2023-06-27 00:50:55.041652,Iâ€™m traveling tomorrow,,,Safe
user_93,Telegram,2023-09-10 20:14:24.957738,"careful with â„ï¸, risky stuff",â„ï¸,cocaine,Suspicious
user_96,WhatsApp,2023-07-15 07:41:48.418962,"yo got some ğŸ’¨, dm fast",ğŸ’¨,weed smoking,Suspicious
user_194,Telegram,2023-05-11 00:38:53.215433,"yo got some ğŸ”¥, dm fast",ğŸ”¥,crack,Suspicious
user_5,Telegram,2023-05-07 18:12:58.864747,letâ€™s play chess online,,,Safe
user_41,Discord,2023-07-19 01:43:11.676380,can you send me the homework,,,Safe
user_133,Reddit,2023-11-21 09:04:51.998837,any ğŸ„ sellers here?,ğŸ„,mushrooms,Suspicious
user_53,Discord,2023-01-04 01:11:26.459296,just watching a movie rn,,,Safe
user_131,WhatsApp,2023-04-29 19:57:16.789047,"bringing ğŸ’Š tonight, letâ€™s go",ğŸ’Š,pills,Suspicious
user_149,Discord,2023-02-16 16:05:47.824844,just watching a movie rn,,,Safe
user_76,Reddit,2023-01-08 13:19:37.846469,"careful with ğŸ’¨, risky stuff",ğŸ’¨,weed smoking,Suspicious
user_106,Discord,2023-12-20 14:07:41.359507,sending ğŸ’¨ if youâ€™re in,ğŸ’¨,weed smoking,Suspicious
user_135,Telegram,2023-03-15 01:35:52.740458,can you send me the homework,,,Safe
user_96,Discord,2023-08-14 04:22:45.322462,any ğŸ”® sellers here?,ğŸ”®,LSD,Suspicious
user_139,Reddit,2023-10-28 15:02:10.016758,Iâ€™m traveling tomorrow,,,Safe
user_59,WhatsApp,2023-07-02 11:42:30.328339,"yo got some ğŸ’Š, dm fast",ğŸ’Š,pills,Suspicious
user_94,Telegram,2023-10-24 13:48:08.359648,"yo got some ğŸ’Š, dm fast",ğŸ’Š,pills,Suspicious
user_149,Reddit,2023-07-16 13:54:34.559050,letâ€™s play chess online,,,Safe
user_111,WhatsApp,2023-11-10 03:30:28.008880,any ğŸ”® sellers here?,ğŸ”®,LSD,Suspicious
user_177,Telegram,2023-12-08 15:45:25.980002,can you send me the homework,,,Safe
user_81,Discord,2023-11-22 15:36:02.233690,weather is crazy today,,,Safe
user_103,WhatsApp,2023-09-19 06:48:58.756056,sending ğŸ’‰ if youâ€™re in,ğŸ’‰,injectables,Suspicious
user_97,Telegram,2023-05-31 03:33:31.512869,"careful with ğŸ”¥, risky stuff",ğŸ”¥,crack,Suspicious
user_196,Discord,2023-12-20 18:57:31.519901,Iâ€™m traveling tomorrow,,,Safe
user_135,WhatsApp,2023-01-26 08:31:49.772730,"bringing ğŸ”® tonight, letâ€™s go",ğŸ”®,LSD,Suspicious
user_165,Telegram,2023-08-03 21:02:29.193354,letâ€™s play chess online,,,Safe
user_91,Reddit,2023-05-02 01:39:48.006903,"bringing ğŸ¥‚ tonight, letâ€™s go",ğŸ¥‚,party drugs,Suspicious
user_118,WhatsApp,2023-06-10 06:39:29.534128,any ğŸ”® sellers here?,ğŸ”®,LSD,Suspicious
user_10,Reddit,2023-03-05 16:56:49.136302,sending â„ï¸ if youâ€™re in,â„ï¸,cocaine,Suspicious
user_141,Discord,2023-12-11 14:15:17.919810,"yo got some ğŸ”®, dm fast",ğŸ”®,LSD,Suspicious
user_78,Telegram,2023-04-10 12:26:00.919444,party not fun without ğŸ”®,ğŸ”®,LSD,Suspicious
user_176,WhatsApp,2023-11-29 20:30:08.734985,"careful with ğŸ’Š, risky stuff",ğŸ’Š,pills,Suspicious
user_107,Telegram,2023-12-29 10:36:55.552871,party not fun without ğŸ,ğŸ,marijuana,Suspicious
user_139,Discord,2023-08-20 00:14:45.902094,can you send me the homework,,,Safe
user_137,WhatsApp,2023-05-31 10:57:46.919098,letâ€™s play chess online,,,Safe
user_173,Telegram,2023-05-19 05:20:23.772208,"yo got some ğŸ”¥, dm fast",ğŸ”¥,crack,Suspicious
user_146,Reddit,2023-04-04 07:40:08.952735,"careful with ğŸ, risky stuff",ğŸ,marijuana,Suspicious
user_20,Reddit,2023-03-23 18:10:45.524557,Iâ€™m traveling tomorrow,,,Safe
user_47,Discord,2023-05-20 02:19:29.080918,any ğŸ sellers here?,ğŸ,marijuana,Suspicious
user_7,WhatsApp,2023-07-09 17:22:44.897702,sending ğŸ”® if youâ€™re in,ğŸ”®,LSD,Suspicious
user_187,Discord,2023-09-21 00:59:25.777682,"bringing ğŸ’‰ tonight, letâ€™s go",ğŸ’‰,injectables,Suspicious
user_125,Discord,2023-08-29 16:49:18.671710,"bringing â„ï¸ tonight, letâ€™s go",â„ï¸,cocaine,Suspicious
user_88,Discord,2023-01-11 05:54:31.144443,Iâ€™m traveling tomorrow,,,Safe
user_173,Reddit,2023-03-11 10:06:36.794935,letâ€™s play chess online,,,Safe
user_85,Telegram,2023-02-26 12:27:16.499350,"bringing ğŸ”® tonight, letâ€™s go",ğŸ”®,LSD,Suspicious
user_85,Reddit,2023-01-21 08:33:41.256120,any ğŸ sellers here?,ğŸ,marijuana,Suspicious
user_151,WhatsApp,2023-12-21 05:09:40.306678,Iâ€™m traveling tomorrow,,,Safe
user_119,Discord,2023-11-23 08:21:23.585051,party not fun without ğŸ”¥,ğŸ”¥,crack,Suspicious
user_76,Discord,2023-07-29 08:18:12.215851,"bringing ğŸ„ tonight, letâ€™s go",ğŸ„,mushrooms,Suspicious
user_38,Telegram,2023-05-15 03:49:11.169880,"yo got some ğŸ, dm fast",ğŸ,marijuana,Suspicious
user_99,Telegram,2023-10-03 12:34:19.721167,party not fun without â„ï¸,â„ï¸,cocaine,Suspicious
user_160,WhatsApp,2023-01-12 06:03:06.169338,"careful with â„ï¸, risky stuff",â„ï¸,cocaine,Suspicious
user_104,Reddit,2023-11-16 15:41:45.610703,"bringing ğŸ’¨ tonight, letâ€™s go",ğŸ’¨,weed smoking,Suspicious
user_13,Discord,2023-02-02 00:11:44.096920,"bringing ğŸ’Š tonight, letâ€™s go",ğŸ’Š,pills,Suspicious
user_14,Discord,2023-09-04 12:10:14.293071,can you send me the homework,,,Safe
user_6,Telegram,2023-08-22 04:57:52.824987,"bringing ğŸ„ tonight, letâ€™s go",ğŸ„,mushrooms,Suspicious
user_37,Reddit,2023-05-15 03:38:56.997095,party not fun without ğŸ”®,ğŸ”®,LSD,Suspicious
user_122,Discord,2023-12-07 07:30:16.501549,"bringing ğŸ¥‚ tonight, letâ€™s go",ğŸ¥‚,party drugs,Suspicious
user_144,Reddit,2023-03-23 01:49:01.404966,"yo got some ğŸ’‰, dm fast",ğŸ’‰,injectables,Suspicious
user_192,Telegram,2023-01-22 03:12:44.778824,can you send me the homework,,,Safe
user_85,WhatsApp,2023-06-16 21:03:48.939969,any ğŸ¥‚ sellers here?,ğŸ¥‚,party drugs,Suspicious
user_127,Discord,2023-11-22 03:23:17.685787,party not fun without ğŸ,ğŸ,marijuana,Suspicious
user_143,Discord,2023-12-08 18:31:46.213009,"bringing ğŸ”® tonight, letâ€™s go",ğŸ”®,LSD,Suspicious
user_6,Discord,2023-07-02 04:39:05.680011,"careful with ğŸ”¥, risky stuff",ğŸ”¥,crack,Suspicious
user_67,Discord,2023-09-14 12:19:49.059193,"bringing ğŸ”® tonight, letâ€™s go",ğŸ”®,LSD,Suspicious
user_31,Discord,2023-08-20 23:04:29.229775,can you send me the homework,,,Safe
user_173,Discord,2023-09-07 21:30:47.624424,"careful with ğŸ”®, risky stuff",ğŸ”®,LSD,Suspicious
user_190,Discord,2023-03-30 23:05:26.597938,just watching a movie rn,,,Safe
user_126,Reddit,2023-02-08 07:02:05.613374,sending ğŸ’¨ if youâ€™re in,ğŸ’¨,weed smoking,Suspicious
user_123,Reddit,2023-07-13 05:34:59.830940,any ğŸ”® sellers here?,ğŸ”®,LSD,Suspicious
user_40,Discord,2023-11-03 13:42:33.825222,sending ğŸ if youâ€™re in,ğŸ,marijuana,Suspicious
user_101,Discord,2023-08-12 03:56:02.247126,"careful with ğŸ”®, risky stuff",ğŸ”®,LSD,Suspicious
user_135,Reddit,2023-06-14 15:03:13.574029,weather is crazy today,,,Safe
user_135,WhatsApp,2023-11-29 01:52:27.167574,"careful with ğŸ¥‚, risky stuff",ğŸ¥‚,party drugs,Suspicious
user_62,Reddit,2023-12-22 18:56:54.193438,any ğŸ¥‚ sellers here?,ğŸ¥‚,party drugs,Suspicious
user_89,Discord,2023-11-29 03:50:45.821129,sending â„ï¸ if youâ€™re in,â„ï¸,cocaine,Suspicious
user_69,Telegram,2023-02-08 07:58:27.605805,Iâ€™m traveling tomorrow,,,Safe
user_16,Reddit,2023-02-12 18:58:24.957693,party not fun without ğŸ,ğŸ,marijuana,Suspicious
user_158,Discord,2023-06-09 16:05:57.749536,party not fun without ğŸ’‰,ğŸ’‰,injectables,Suspicious
user_5,Reddit,2023-02-24 14:51:43.168717,letâ€™s play chess online,,,Safe
user_130,Discord,2023-01-10 06:31:10.994262,"bringing ğŸ’‰ tonight, letâ€™s go",ğŸ’‰,injectables,Suspicious
user_85,Reddit,2023-04-07 15:21:40.865725,sending ğŸ¥‚ if youâ€™re in,ğŸ¥‚,party drugs,Suspicious
user_138,Telegram,2023-08-20 04:36:21.252226,sending ğŸ¥‚ if youâ€™re in,ğŸ¥‚,party drugs,Suspicious
user_20,Telegram,2023-09-16 09:03:52.245986,"careful with ğŸ„, risky stuff",ğŸ„,mushrooms,Suspicious
user_98,Discord,2023-06-15 14:02:54.646540,Iâ€™m traveling tomorrow,,,Safe
user_150,WhatsApp,2023-06-09 22:41:39.008075,"yo got some ğŸ¥‚, dm fast",ğŸ¥‚,party drugs,Suspicious
user_67,Reddit,2023-01-21 12:47:12.836001,weather is crazy today,,,Safe
user_100,Reddit,2023-05-12 08:24:59.092173,any ğŸ’Š sellers here?,ğŸ’Š,pills,Suspicious
user_35,Reddit,2023-04-14 04:18:17.446323,sending ğŸ if youâ€™re in,ğŸ,marijuana,Suspicious
user_114,Telegram,2023-07-14 07:53:43.994252,sending ğŸ„ if youâ€™re in,ğŸ„,mushrooms,Suspicious
user_99,WhatsApp,2023-12-29 02:32:03.812363,"careful with ğŸ, risky stuff",ğŸ,marijuana,Suspicious
user_105,Reddit,2023-06-17 03:53:25.201314,any ğŸ sellers here?,ğŸ,marijuana,Suspicious
user_37,Telegram,2023-05-30 12:15:37.844227,party not fun without ğŸ”®,ğŸ”®,LSD,Suspicious
user_186,Reddit,2023-04-12 02:27:33.963435,can you send me the homework,,,Safe
user_186,Reddit,2023-09-04 05:26:23.823641,"yo got some ğŸ’‰, dm fast",ğŸ’‰,injectables,Suspicious
user_143,Discord,2023-07-14 13:41:48.189321,letâ€™s play chess online,,,Safe
user_147,Reddit,2023-07-04 16:57:29.963514,Iâ€™m traveling tomorrow,,,Safe
user_138,Reddit,2023-01-28 08:35:02.914184,"yo got some ğŸ’¨, dm fast",ğŸ’¨,weed smoking,Suspicious
user_7,WhatsApp,2023-04-02 01:47:55.446428,can you send me the homework,,,Safe
user_162,Reddit,2023-06-27 18:42:58.240659,"bringing ğŸ’¨ tonight, letâ€™s go",ğŸ’¨,weed smoking,Suspicious
user_170,Telegram,2023-04-29 10:26:19.069009,Iâ€™m traveling tomorrow,,,Safe
user_171,WhatsApp,2023-03-31 10:57:29.088300,party not fun without ğŸ”®,ğŸ”®,LSD,Suspicious
user_151,Reddit,2023-06-28 10:14:31.820338,sending ğŸ’Š if youâ€™re in,ğŸ’Š,pills,Suspicious
user_125,Discord,2023-05-17 04:58:54.867581,can you send me the homework,,,Safe
user_52,Telegram,2023-11-09 09:50:18.534981,Iâ€™m traveling tomorrow,,,Safe
user_94,Discord,2023-05-12 14:33:26.900953,sending ğŸ”¥ if youâ€™re in,ğŸ”¥,crack,Suspicious
user_147,WhatsApp,2023-08-31 01:47:21.423011,party not fun without ğŸ”¥,ğŸ”¥,crack,Suspicious
user_96,WhatsApp,2023-10-17 07:06:05.023317,any ğŸ”¥ sellers here?,ğŸ”¥,crack,Suspicious
user_108,WhatsApp,2023-03-26 18:11:04.431014,just watching a movie rn,,,Safe
user_52,WhatsApp,2023-03-07 09:08:25.511121,sending ğŸ if youâ€™re in,ğŸ,marijuana,Suspicious
user_134,WhatsApp,2023-08-02 02:58:16.878693,party not fun without â„ï¸,â„ï¸,cocaine,Suspicious
user_167,Reddit,2023-08-23 01:55:37.252700,can you send me the homework,,,Safe
user_190,Telegram,2023-01-17 20:36:46.380590,party not fun without ğŸ’¨,ğŸ’¨,weed smoking,Suspicious
user_132,Discord,2023-05-21 06:14:08.609148,"yo got some ğŸ”®, dm fast",ğŸ”®,LSD,Suspicious
user_76,Reddit,2023-09-05 08:03:24.801933,sending ğŸ’¨ if youâ€™re in,ğŸ’¨,weed smoking,Suspicious
user_176,Telegram,2023-11-24 21:12:16.248227,weather is crazy today,,,Safe
user_125,Discord,2023-10-26 15:15:56.697655,sending â„ï¸ if youâ€™re in,â„ï¸,cocaine,Suspicious
user_152,WhatsApp,2023-05-17 00:56:59.862943,party not fun without â„ï¸,â„ï¸,cocaine,Suspicious
user_160,Reddit,2023-02-28 17:50:28.771886,letâ€™s play chess online,,,Safe
user_90,WhatsApp,2023-10-25 15:37:16.566914,weather is crazy today,,,Safe
user_128,Discord,2023-03-26 07:48:16.606135,"careful with â„ï¸, risky stuff",â„ï¸,cocaine,Suspicious
user_76,Discord,2023-08-16 04:51:29.186667,sending ğŸ¥‚ if youâ€™re in,ğŸ¥‚,party drugs,Suspicious
user_186,Reddit,2023-04-07 12:13:19.535803,"careful with ğŸ”¥, risky stuff",ğŸ”¥,crack,Suspicious
user_14,Telegram,2023-12-24 08:46:02.163442,"bringing ğŸ¥‚ tonight, letâ€™s go",ğŸ¥‚,party drugs,Suspicious
user_63,WhatsApp,2023-01-29 18:39:41.056138,any ğŸ’¨ sellers here?,ğŸ’¨,weed smoking,Suspicious
user_161,WhatsApp,2023-05-18 20:54:17.203315,"bringing ğŸ’Š tonight, letâ€™s go",ğŸ’Š,pills,Suspicious
user_59,WhatsApp,2023-01-27 20:46:53.775253,any ğŸ’‰ sellers here?,ğŸ’‰,injectables,Suspicious
user_183,Reddit,2023-12-22 02:56:43.164108,"yo got some ğŸ’¨, dm fast",ğŸ’¨,weed smoking,Suspicious
user_196,Discord,2023-09-22 05:19:23.802354,party not fun without ğŸ¥‚,ğŸ¥‚,party drugs,Suspicious
user_25,Telegram,2023-12-17 14:53:33.011016,weather is crazy today,,,Safe
user_29,Reddit,2023-11-13 19:44:42.962636,"yo got some ğŸ’‰, dm fast",ğŸ’‰,injectables,Suspicious
user_181,WhatsApp,2023-12-12 08:54:03.288500,just watching a movie rn,,,Safe
user_23,Telegram,2023-11-04 16:04:31.509663,"bringing ğŸ”¥ tonight, letâ€™s go",ğŸ”¥,crack,Suspicious
user_183,Reddit,2023-04-29 05:25:35.122094,just watching a movie rn,,,Safe
user_188,Telegram,2023-06-20 07:29:15.056745,sending ğŸ’¨ if youâ€™re in,ğŸ’¨,weed smoking,Suspicious
user_121,Telegram,2023-08-22 02:50:28.234376,Iâ€™m traveling tomorrow,,,Safe
user_170,WhatsApp,2023-08-15 15:09:00.443479,Iâ€™m traveling tomorrow,,,Safe
user_147,Discord,2023-03-22 20:09:19.839856,weather is crazy today,,,Safe
user_184,WhatsApp,2023-01-23 08:09:29.920125,"careful with ğŸ¥‚, risky stuff",ğŸ¥‚,party drugs,Suspicious
user_27,WhatsApp,2023-11-26 17:18:36.690039,Iâ€™m traveling tomorrow,,,Safe
user_164,WhatsApp,2023-12-20 14:09:55.597228,"careful with ğŸ’¨, risky stuff",ğŸ’¨,weed smoking,Suspicious
user_135,Telegram,2023-01-28 23:55:21.507659,party not fun without ğŸ¥‚,ğŸ¥‚,party drugs,Suspicious
user_103,Reddit,2023-08-13 18:53:40.190351,Iâ€™m traveling tomorrow,,,Safe
user_76,Reddit,2023-10-01 07:58:17.473431,can you send me the homework,,,Safe
user_84,Telegram,2023-06-27 06:05:08.821176,can you send me the homework,,,Safe
user_168,Reddit,2023-08-01 02:18:17.247838,"yo got some ğŸ’¨, dm fast",ğŸ’¨,weed smoking,Suspicious
user_187,Reddit,2023-07-21 15:10:41.953653,sending â„ï¸ if youâ€™re in,â„ï¸,cocaine,Suspicious
user_198,WhatsApp,2023-04-04 08:14:28.624764,"careful with ğŸ’¨, risky stuff",ğŸ’¨,weed smoking,Suspicious
user_43,Reddit,2023-04-14 12:35:36.392135,any ğŸ¥‚ sellers here?,ğŸ¥‚,party drugs,Suspicious
user_185,Discord,2023-03-27 06:40:45.449089,sending ğŸ”¥ if youâ€™re in,ğŸ”¥,crack,Suspicious
user_118,WhatsApp,2023-04-16 23:32:00.570101,"bringing ğŸ’‰ tonight, letâ€™s go",ğŸ’‰,injectables,Suspicious
user_174,WhatsApp,2023-02-20 05:30:02.035584,"careful with â„ï¸, risky stuff",â„ï¸,cocaine,Suspicious
user_29,Discord,2023-06-18 11:21:40.470847,sending ğŸ’‰ if youâ€™re in,ğŸ’‰,injectables,Suspicious
user_96,Reddit,2023-07-01 15:03:36.616215,sending â„ï¸ if youâ€™re in,â„ï¸,cocaine,Suspicious
user_126,Reddit,2023-04-30 00:05:14.361519,party not fun without ğŸ”¥,ğŸ”¥,crack,Suspicious
user_107,WhatsApp,2023-07-06 21:48:12.087873,party not fun without ğŸ¥‚,ğŸ¥‚,party drugs,Suspicious
user_132,Discord,2023-09-01 20:07:22.276450,"bringing ğŸ”¥ tonight, letâ€™s go",ğŸ”¥,crack,Suspicious
user_76,Discord,2023-11-29 19:00:35.262275,letâ€™s play chess online,,,Safe
user_17,WhatsApp,2023-10-21 22:00:57.927389,"bringing ğŸ„ tonight, letâ€™s go",ğŸ„,mushrooms,Suspicious
user_168,Discord,2023-09-26 12:19:49.374722,weather is crazy today,,,Safe
user_42,Discord,2023-02-28 02:09:34.282069,sending ğŸ”® if youâ€™re in,ğŸ”®,LSD,Suspicious
user_189,Discord,2023-04-28 06:29:34.654148,sending â„ï¸ if youâ€™re in,â„ï¸,cocaine,Suspicious
user_125,Telegram,2023-07-15 12:01:50.484814,weather is crazy today,,,Safe
user_7,Reddit,2023-02-07 20:24:41.687966,"yo got some ğŸ¥‚, dm fast",ğŸ¥‚,party drugs,Suspicious
user_47,WhatsApp,2023-08-18 01:03:33.262300,letâ€™s play chess online,,,Safe
user_148,WhatsApp,2023-02-21 17:35:41.691186,"yo got some ğŸ, dm fast",ğŸ,marijuana,Suspicious
user_113,Reddit,2023-01-10 20:32:52.103138,Iâ€™m traveling tomorrow,,,Safe
user_58,Reddit,2023-09-03 23:50:15.703940,"yo got some ğŸ”®, dm fast",ğŸ”®,LSD,Suspicious
user_84,Reddit,2023-05-22 19:25:57.722790,party not fun without ğŸ,ğŸ,marijuana,Suspicious
user_182,Discord,2023-06-25 18:24:34.190104,weather is crazy today,,,Safe
user_139,WhatsApp,2023-01-06 17:17:42.931301,"careful with ğŸ, risky stuff",ğŸ,marijuana,Suspicious
user_81,Discord,2023-04-10 10:16:34.376735,Iâ€™m traveling tomorrow,,,Safe
user_172,Telegram,2023-10-26 23:48:27.811282,just watching a movie rn,,,Safe
user_8,WhatsApp,2023-05-19 04:53:09.881553,sending ğŸ’‰ if youâ€™re in,ğŸ’‰,injectables,Suspicious
user_190,Discord,2023-10-12 20:18:51.957379,Iâ€™m traveling tomorrow,,,Safe
user_153,Telegram,2023-06-08 05:52:46.903025,any ğŸ’‰ sellers here?,ğŸ’‰,injectables,Suspicious
user_166,WhatsApp,2023-07-07 22:57:57.679845,"yo got some â„ï¸, dm fast",â„ï¸,cocaine,Suspicious
user_155,WhatsApp,2023-12-24 04:07:51.025387,sending ğŸ”® if youâ€™re in,ğŸ”®,LSD,Suspicious
user_186,Reddit,2023-05-28 15:35:59.857462,can you send me the homework,,,Safe
user_132,WhatsApp,2023-05-19 17:16:11.364434,"yo got some ğŸ’‰, dm fast",ğŸ’‰,injectables,Suspicious
user_183,Telegram,2023-11-18 21:53:54.521682,can you send me the homework,,,Safe
user_1,Telegram,2023-06-07 06:59:29.993873,weather is crazy today,,,Safe
user_193,Discord,2023-07-15 17:22:47.068351,can you send me the homework,,,Safe
user_42,WhatsApp,2023-04-04 01:45:38.404272,any â„ï¸ sellers here?,â„ï¸,cocaine,Suspicious
user_185,WhatsApp,2023-12-24 17:22:20.505770,just watching a movie rn,,,Safe
user_47,Telegram,2023-04-17 02:53:27.591055,letâ€™s play chess online,,,Safe
user_200,Discord,2023-06-22 17:35:40.541578,party not fun without ğŸ’Š,ğŸ’Š,pills,Suspicious
user_18,WhatsApp,2023-09-13 08:27:37.856325,"yo got some ğŸ”®, dm fast",ğŸ”®,LSD,Suspicious
user_176,WhatsApp,2023-07-25 21:51:00.813769,any ğŸ sellers here?,ğŸ,marijuana,Suspicious
user_114,Discord,2023-08-10 16:05:24.579570,"careful with ğŸ„, risky stuff",ğŸ„,mushrooms,Suspicious
user_53,Telegram,2023-05-01 14:31:41.470765,"bringing ğŸ’¨ tonight, letâ€™s go",ğŸ’¨,weed smoking,Suspicious
user_34,Discord,2023-12-04 17:47:20.740641,"careful with ğŸ”®, risky stuff",ğŸ”®,LSD,Suspicious
user_155,Reddit,2023-12-14 11:09:32.283511,Iâ€™m traveling tomorrow,,,Safe
user_110,Telegram,2023-04-30 12:05:30.734387,"bringing ğŸ’Š tonight, letâ€™s go",ğŸ’Š,pills,Suspicious
user_36,Discord,2023-02-02 10:49:29.733884,any ğŸ”¥ sellers here?,ğŸ”¥,crack,Suspicious
user_119,WhatsApp,2023-11-25 02:04:29.106122,"yo got some ğŸ, dm fast",ğŸ,marijuana,Suspicious
user_161,Telegram,2023-05-13 18:24:58.312298,just watching a movie rn,,,Safe
user_82,Discord,2023-12-14 03:46:49.847398,"yo got some ğŸ’‰, dm fast",ğŸ’‰,injectables,Suspicious
user_45,Telegram,2023-02-27 21:01:38.969594,"yo got some ğŸ„, dm fast",ğŸ„,mushrooms,Suspicious
user_16,Discord,2023-09-14 09:05:36.686901,weather is crazy today,,,Safe
user_95,Discord,2023-05-15 14:41:32.005519,sending ğŸ’Š if youâ€™re in,ğŸ’Š,pills,Suspicious
user_175,Reddit,2023-11-22 15:03:24.412336,Iâ€™m traveling tomorrow,,,Safe
user_71,Reddit,2023-06-14 16:22:51.881596,sending ğŸ if youâ€™re in,ğŸ,marijuana,Suspicious
user_104,Reddit,2023-12-14 14:31:46.825035,"yo got some ğŸ’¨, dm fast",ğŸ’¨,weed smoking,Suspicious
user_46,Discord,2023-07-09 05:59:46.950385,"careful with ğŸ’Š, risky stuff",ğŸ’Š,pills,Suspicious
user_111,Telegram,2023-03-01 21:15:04.714219,any ğŸ„ sellers here?,ğŸ„,mushrooms,Suspicious
user_6,Reddit,2023-01-28 09:22:21.936990,"bringing ğŸ tonight, letâ€™s go",ğŸ,marijuana,Suspicious
user_60,Telegram,2023-08-10 19:54:12.847240,any ğŸ”¥ sellers here?,ğŸ”¥,crack,Suspicious
user_166,WhatsApp,2023-09-01 00:45:59.573494,sending ğŸ¥‚ if youâ€™re in,ğŸ¥‚,party drugs,Suspicious
user_122,Telegram,2023-08-28 20:46:30.200462,can you send me the homework,,,Safe
user_134,Reddit,2023-05-09 01:18:29.211186,sending ğŸ’¨ if youâ€™re in,ğŸ’¨,weed smoking,Suspicious
user_46,WhatsApp,2023-07-22 19:14:49.491831,sending ğŸ„ if youâ€™re in,ğŸ„,mushrooms,Suspicious
user_158,Discord,2023-07-13 06:49:54.667693,"bringing ğŸ”® tonight, letâ€™s go",ğŸ”®,LSD,Suspicious
user_138,Discord,2023-01-26 09:21:54.044918,party not fun without ğŸ”®,ğŸ”®,LSD,Suspicious
user_43,Reddit,2023-10-18 16:52:19.327532,any ğŸ’‰ sellers here?,ğŸ’‰,injectables,Suspicious
user_178,Discord,2023-04-08 20:16:57.108378,"bringing ğŸ’Š tonight, letâ€™s go",ğŸ’Š,pills,Suspicious
user_190,Reddit,2023-08-09 18:22:32.031262,"careful with ğŸ’‰, risky stuff",ğŸ’‰,injectables,Suspicious
user_147,Discord,2023-08-11 05:40:52.348071,sending ğŸ„ if youâ€™re in,ğŸ„,mushrooms,Suspicious
user_112,WhatsApp,2023-03-17 11:02:54.133740,"careful with ğŸ¥‚, risky stuff",ğŸ¥‚,party drugs,Suspicious
user_128,Telegram,2023-07-19 15:56:07.086630,party not fun without ğŸ„,ğŸ„,mushrooms,Suspicious
user_180,Discord,2023-07-27 14:12:20.896040,"careful with ğŸ¥‚, risky stuff",ğŸ¥‚,party drugs,Suspicious
user_185,Reddit,2023-10-23 18:50:26.330725,"bringing ğŸ”® tonight, letâ€™s go",ğŸ”®,LSD,Suspicious
user_132,WhatsApp,2023-05-18 12:03:00.401538,any â„ï¸ sellers here?,â„ï¸,cocaine,Suspicious
user_181,WhatsApp,2023-01-25 22:42:15.733838,"yo got some ğŸ¥‚, dm fast",ğŸ¥‚,party drugs,Suspicious
user_156,Telegram,2023-06-11 05:40:48.507148,"bringing ğŸ¥‚ tonight, letâ€™s go",ğŸ¥‚,party drugs,Suspicious
user_175,WhatsApp,2023-11-18 10:26:45.484415,Iâ€™m traveling tomorrow,,,Safe
user_145,Reddit,2023-04-07 04:35:34.986252,"yo got some ğŸ”®, dm fast",ğŸ”®,LSD,Suspicious
user_108,Discord,2023-01-25 03:02:11.636205,any ğŸ’‰ sellers here?,ğŸ’‰,injectables,Suspicious
user_126,Telegram,2023-12-05 22:51:49.818672,Iâ€™m traveling tomorrow,,,Safe
user_119,Telegram,2023-12-21 11:37:25.900683,party not fun without â„ï¸,â„ï¸,cocaine,Suspicious
user_68,WhatsApp,2023-07-30 07:28:14.013370,"careful with ğŸ’Š, risky stuff",ğŸ’Š,pills,Suspicious
user_103,Discord,2023-01-20 13:29:35.498095,sending â„ï¸ if youâ€™re in,â„ï¸,cocaine,Suspicious
user_180,Discord,2023-01-26 19:32:47.361809,sending â„ï¸ if youâ€™re in,â„ï¸,cocaine,Suspicious
user_76,Telegram,2023-12-05 19:18:33.601030,"bringing ğŸ’‰ tonight, letâ€™s go",ğŸ’‰,injectables,Suspicious
user_100,Reddit,2023-03-25 07:10:17.747440,sending ğŸ¥‚ if youâ€™re in,ğŸ¥‚,party drugs,Suspicious
user_156,Reddit,2023-12-13 07:14:36.150078,weather is crazy today,,,Safe
user_100,Reddit,2023-12-13 00:24:14.482497,sending ğŸ”® if youâ€™re in,ğŸ”®,LSD,Suspicious
user_198,Reddit,2023-07-28 17:24:23.610099,"yo got some ğŸ„, dm fast",ğŸ„,mushrooms,Suspicious
user_121,Telegram,2023-03-10 01:31:41.668798,"yo got some â„ï¸, dm fast",â„ï¸,cocaine,Suspicious
user_77,Telegram,2023-05-17 05:13:33.146343,"yo got some ğŸ¥‚, dm fast",ğŸ¥‚,party drugs,Suspicious
user_8,WhatsApp,2023-02-22 06:52:59.157446,can you send me the homework,,,Safe
user_168,Telegram,2023-03-14 21:47:04.323878,weather is crazy today,,,Safe
user_124,Reddit,2023-08-21 14:45:19.808142,can you send me the homework,,,Safe
user_115,WhatsApp,2023-07-20 00:47:02.249742,party not fun without ğŸ’Š,ğŸ’Š,pills,Suspicious
user_96,Discord,2023-04-08 19:14:40.495849,party not fun without ğŸ,ğŸ,marijuana,Suspicious
user_131,Reddit,2023-10-01 21:30:29.194679,letâ€™s play chess online,,,Safe
user_126,Discord,2023-01-28 00:12:16.479281,just watching a movie rn,,,Safe
user_173,Discord,2023-09-23 19:55:06.086304,weather is crazy today,,,Safe
user_178,Discord,2023-12-30 22:42:32.996291,sending ğŸ’‰ if youâ€™re in,ğŸ’‰,injectables,Suspicious
user_33,Telegram,2023-03-10 17:35:24.889084,just watching a movie rn,,,Safe
user_195,WhatsApp,2023-07-02 13:06:48.239704,just watching a movie rn,,,Safe
user_148,Telegram,2023-07-07 13:11:09.107034,"bringing ğŸ’‰ tonight, letâ€™s go",ğŸ’‰,injectables,Suspicious
user_185,Reddit,2023-12-15 09:56:57.376089,"bringing ğŸ¥‚ tonight, letâ€™s go",ğŸ¥‚,party drugs,Suspicious
user_1,WhatsApp,2023-09-06 08:29:21.221701,"careful with ğŸ”®, risky stuff",ğŸ”®,LSD,Suspicious
user_74,Reddit,2023-01-08 06:03:40.498252,Iâ€™m traveling tomorrow,,,Safe
user_32,Telegram,2023-05-31 14:47:12.462281,"careful with ğŸ’Š, risky stuff",ğŸ’Š,pills,Suspicious
user_11,WhatsApp,2023-05-21 19:24:43.866069,Iâ€™m traveling tomorrow,,,Safe
user_195,Discord,2023-03-07 00:36:05.066558,"careful with â„ï¸, risky stuff",â„ï¸,cocaine,Suspicious
user_127,WhatsApp,2023-03-04 05:23:42.996474,"bringing ğŸ’¨ tonight, letâ€™s go",ğŸ’¨,weed smoking,Suspicious
user_6,Telegram,2023-07-18 19:45:56.631552,"yo got some ğŸ”¥, dm fast",ğŸ”¥,crack,Suspicious
user_197,Reddit,2023-08-23 17:13:24.789629,"bringing ğŸ’‰ tonight, letâ€™s go",ğŸ’‰,injectables,Suspicious
user_197,Reddit,2023-07-31 14:54:11.357187,"careful with ğŸ’‰, risky stuff",ğŸ’‰,injectables,Suspicious
user_149,Discord,2023-06-06 23:45:29.157513,"bringing ğŸ„ tonight, letâ€™s go",ğŸ„,mushrooms,Suspicious
user_182,Telegram,2023-02-14 02:52:33.921586,"yo got some ğŸ’Š, dm fast",ğŸ’Š,pills,Suspicious
user_40,Reddit,2023-01-06 13:09:04.230612,weather is crazy today,,,Safe
user_166,WhatsApp,2023-09-22 10:05:32.843682,"yo got some ğŸ’¨, dm fast",ğŸ’¨,weed smoking,Suspicious
user_186,WhatsApp,2023-09-17 09:34:38.729988,"bringing ğŸ tonight, letâ€™s go",ğŸ,marijuana,Suspicious
user_13,Telegram,2023-05-18 08:24:22.021361,"careful with ğŸ¥‚, risky stuff",ğŸ¥‚,party drugs,Suspicious
user_102,Telegram,2023-08-05 15:25:26.543076,Iâ€™m traveling tomorrow,,,Safe
user_92,Telegram,2023-08-02 07:56:41.274225,"careful with ğŸ”¥, risky stuff",ğŸ”¥,crack,Suspicious
user_178,Discord,2023-05-18 20:14:37.395581,party not fun without ğŸ„,ğŸ„,mushrooms,Suspicious
user_73,Reddit,2023-08-05 04:06:39.626816,can you send me the homework,,,Safe
user_173,WhatsApp,2023-05-09 17:29:43.196935,letâ€™s play chess online,,,Safe
user_69,Reddit,2023-04-08 18:10:29.509132,can you send me the homework,,,Safe
user_199,WhatsApp,2023-08-28 20:32:13.772135,letâ€™s play chess online,,,Safe
user_121,Reddit,2023-11-15 16:06:08.985009,just watching a movie rn,,,Safe
user_177,WhatsApp,2023-09-28 21:29:52.778886,"careful with ğŸ”®, risky stuff",ğŸ”®,LSD,Suspicious
user_113,Discord,2023-09-01 06:25:36.971917,sending ğŸ if youâ€™re in,ğŸ,marijuana,Suspicious
user_186,Telegram,2023-06-22 21:31:51.257948,"careful with â„ï¸, risky stuff",â„ï¸,cocaine,Suspicious
user_89,Telegram,2023-06-09 00:12:01.234131,party not fun without ğŸ¥‚,ğŸ¥‚,party drugs,Suspicious
user_119,Discord,2023-06-18 17:55:13.264618,"careful with â„ï¸, risky stuff",â„ï¸,cocaine,Suspicious
user_117,Discord,2023-09-08 14:35:32.697975,just watching a movie rn,,,Safe
user_13,WhatsApp,2023-12-21 15:30:23.759374,any ğŸ’‰ sellers here?,ğŸ’‰,injectables,Suspicious
user_200,WhatsApp,2023-04-18 15:24:52.201446,"bringing ğŸ tonight, letâ€™s go",ğŸ,marijuana,Suspicious
user_93,Telegram,2023-07-08 17:45:29.514970,party not fun without ğŸ’¨,ğŸ’¨,weed smoking,Suspicious
user_25,WhatsApp,2023-05-25 21:12:23.576923,party not fun without ğŸ¥‚,ğŸ¥‚,party drugs,Suspicious
user_25,Reddit,2023-11-16 19:49:56.527725,just watching a movie rn,,,Safe
user_22,Telegram,2023-05-24 14:06:41.714618,any ğŸ’Š sellers here?,ğŸ’Š,pills,Suspicious
user_89,WhatsApp,2023-07-21 02:00:47.438374,"yo got some ğŸ, dm fast",ğŸ,marijuana,Suspicious
user_61,Discord,2023-05-02 08:42:08.701373,"bringing ğŸ¥‚ tonight, letâ€™s go",ğŸ¥‚,party drugs,Suspicious
user_135,WhatsApp,2023-04-14 07:40:32.646881,Iâ€™m traveling tomorrow,,,Safe
user_154,Reddit,2023-08-15 13:53:47.154739,any ğŸ¥‚ sellers here?,ğŸ¥‚,party drugs,Suspicious
user_125,WhatsApp,2023-07-18 19:14:45.686034,weather is crazy today,,,Safe
user_93,WhatsApp,2023-06-19 22:48:23.728397,weather is crazy today,,,Safe
user_143,Telegram,2023-08-28 14:08:35.080809,party not fun without ğŸ”®,ğŸ”®,LSD,Suspicious
user_153,Discord,2023-01-07 18:55:16.351594,Iâ€™m traveling tomorrow,,,Safe
user_162,Telegram,2023-11-14 16:14:17.582176,just watching a movie rn,,,Safe
user_193,Telegram,2023-08-20 10:19:32.589080,any ğŸ”® sellers here?,ğŸ”®,LSD,Suspicious
user_109,WhatsApp,2023-08-05 17:03:43.794359,any ğŸ’¨ sellers here?,ğŸ’¨,weed smoking,Suspicious
user_192,WhatsApp,2023-03-27 03:26:41.881648,sending ğŸ¥‚ if youâ€™re in,ğŸ¥‚,party drugs,Suspicious
user_2,Reddit,2023-11-08 13:53:16.876550,any ğŸ sellers here?,ğŸ,marijuana,Suspicious
user_113,Discord,2023-01-09 20:20:52.881801,"yo got some ğŸ’Š, dm fast",ğŸ’Š,pills,Suspicious
user_88,WhatsApp,2023-06-25 00:21:51.505717,just watching a movie rn,,,Safe
user_137,Telegram,2023-08-25 10:13:33.569178,"yo got some ğŸ„, dm fast",ğŸ„,mushrooms,Suspicious
user_78,WhatsApp,2023-03-13 05:31:42.080265,any ğŸ’¨ sellers here?,ğŸ’¨,weed smoking,Suspicious
user_27,WhatsApp,2023-11-05 09:03:32.482490,letâ€™s play chess online,,,Safe
user_190,Discord,2023-12-22 05:31:14.731395,"careful with ğŸ, risky stuff",ğŸ,marijuana,Suspicious
user_46,Telegram,2023-09-10 01:55:30.118675,party not fun without ğŸ,ğŸ,marijuana,Suspicious
user_110,Reddit,2023-01-03 17:42:36.573272,letâ€™s play chess online,,,Safe
user_127,WhatsApp,2023-08-06 05:55:28.577124,sending ğŸ’‰ if youâ€™re in,ğŸ’‰,injectables,Suspicious
user_81,Telegram,2023-03-10 21:04:33.790035,party not fun without ğŸ’Š,ğŸ’Š,pills,Suspicious
user_195,Telegram,2023-02-17 01:39:11.399862,"bringing ğŸ”® tonight, letâ€™s go",ğŸ”®,LSD,Suspicious
user_162,WhatsApp,2023-07-31 15:48:57.093725,"bringing ğŸ„ tonight, letâ€™s go",ğŸ„,mushrooms,Suspicious
user_91,Discord,2023-01-07 16:54:31.228546,can you send me the homework,,,Safe
user_170,Reddit,2023-03-18 14:45:43.551268,"yo got some ğŸ”®, dm fast",ğŸ”®,LSD,Suspicious
user_74,WhatsApp,2023-04-02 15:41:30.958868,party not fun without ğŸ’‰,ğŸ’‰,injectables,Suspicious
user_198,WhatsApp,2023-10-25 21:20:14.755689,sending ğŸ”¥ if youâ€™re in,ğŸ”¥,crack,Suspicious
user_180,WhatsApp,2023-04-05 10:51:38.107463,letâ€™s play chess online,,,Safe
user_5,Reddit,2023-07-06 17:51:39.063148,any ğŸ¥‚ sellers here?,ğŸ¥‚,party drugs,Suspicious
user_93,Reddit,2023-07-13 14:44:08.871845,"bringing ğŸ’¨ tonight, letâ€™s go",ğŸ’¨,weed smoking,Suspicious
user_14,Discord,2023-05-31 15:23:37.699263,sending ğŸ”® if youâ€™re in,ğŸ”®,LSD,Suspicious
user_15,Telegram,2023-11-10 00:59:18.262132,"yo got some ğŸ’Š, dm fast",ğŸ’Š,pills,Suspicious
user_30,WhatsApp,2023-01-08 07:10:41.414816,"careful with ğŸ’¨, risky stuff",ğŸ’¨,weed smoking,Suspicious
user_12,Discord,2023-02-18 06:46:37.062893,"careful with ğŸ”¥, risky stuff",ğŸ”¥,crack,Suspicious
user_188,Discord,2023-02-16 07:32:10.754420,sending ğŸ if youâ€™re in,ğŸ,marijuana,Suspicious
user_105,Discord,2023-04-17 04:56:13.363448,weather is crazy today,,,Safe
